scope,dimension,group_value,horizon,sample_n,wins,win_rate,mean_return,median_return,mean_excess,median_excess,mean_mdd,median_mdd,p10_mdd,inference_allowed
all,heat,hot,1,17958,8005,0.445762334336,-3.33245404364e-06,-0.00210156426047,-0.000107902113502,-0.00253979983613,-0.0106040454898,-0.00210156426047,-0.031796868345,1
all,heat,hot,5,17958,8277,0.46090878717,0.000368512361103,-0.00438837213781,0.000511248314035,-0.00394186793405,-0.045564595493,-0.0353507930012,-0.0957589944766,1
all,heat,hot,10,17958,8459,0.471043546052,0.00359780259437,-0.00443541071472,0.00289991685728,-0.005529426753,-0.0718797743366,-0.0592665105999,-0.138968027857,1
all,heat,hot,20,17958,8303,0.462356609867,0.00450679441616,-0.00834411836099,0.00324675981822,-0.0114761874649,-0.108936732878,-0.0945217580715,-0.199270461552,1
all,heat,warm,1,79237,35471,0.447657028913,0.000154908492887,-0.00154225786552,-1.65585715257e-05,-0.00173137508921,-0.00854490174032,-0.00154225786552,-0.0256046944043,1
all,heat,warm,5,79237,37412,0.472153160771,0.000505466373738,-0.00212916962385,-3.91205510265e-05,-0.00292753798066,-0.0368409767031,-0.0281085834487,-0.078250863061,1
all,heat,warm,10,79237,38066,0.480406880624,0.00190325176366,-0.00227790432802,0.000436437133017,-0.00411268353833,-0.0601097182889,-0.0479294478528,-0.118597440568,1
all,heat,warm,20,79237,38014,0.479750621553,0.00495452939691,-0.00379266750948,0.0019787543379,-0.00631308807758,-0.09213674728,-0.07813570939,-0.172204742706,1
all,overall,all,1,97195,43476,0.447306960235,0.000125671485582,-0.00162849057611,-3.3435440982e-05,-0.00184309265849,-0.00892535447402,-0.00162849057611,-0.0266824481034,1
all,overall,all,5,97195,45689,0.470075621174,0.000480162395561,-0.00245098039216,6.25670263054e-05,-0.00307891930895,-0.0384527751107,-0.0292682926829,-0.0818447547905,1
all,overall,all,10,97195,46525,0.478676886671,0.00221634136516,-0.00258839496687,0.00089159602893,-0.0043322952865,-0.0622843843366,-0.0499139414802,-0.123106060606,1
all,overall,all,20,97195,46317,0.476536858892,0.00487180472194,-0.00458190148912,0.00221303431542,-0.0071055304309,-0.0952407561423,-0.0809660602192,-0.177651515152,1
all,streak_group,5,1,5247,2348,0.447493805984,0.00069333512029,-0.00160857908847,3.58118391429e-05,-0.0020497719489,-0.00965457257073,-0.00160857908847,-0.02909434545,1
all,streak_group,5,5,5247,2462,0.469220506956,0.00117132220128,-0.00270994070012,8.3955623904e-05,-0.00282723609141,-0.0410804621621,-0.0311111111111,-0.0876154628248,1
all,streak_group,5,10,5247,2561,0.488088431485,0.00377207172642,-0.00173611111111,0.00131256391136,-0.00451598994625,-0.0652502646172,-0.0513447432763,-0.130271687071,1
all,streak_group,5,20,5247,2561,0.488088431485,0.00702912471339,-0.00204892445376,0.00288469982313,-0.00553870369799,-0.0989758421755,-0.0842223469961,-0.182302630668,1
all,streak_group,6,1,2395,1029,0.429645093946,5.77181541108e-05,-0.00279329608939,-6.48684170647e-05,-0.00222423828497,-0.0098284712904,-0.00279329608939,-0.0284087579986,1
all,streak_group,6,5,2395,1076,0.449269311065,-0.00148986290205,-0.00446207238473,-0.00147139216639,-0.00427853902336,-0.0430776471485,-0.032975534281,-0.0908830797243,1
all,streak_group,6,10,2395,1152,0.481002087683,0.000971313253933,-0.00322729368373,-1.35673717432e-05,-0.00583505316764,-0.067767484621,-0.0528656126482,-0.136740264384,1
all,streak_group,6,20,2395,1164,0.486012526096,0.00427369098634,-0.00249843847595,0.00231154469238,-0.00520966817165,-0.101603083056,-0.0861634287409,-0.188586568428,1
all,streak_group,7+,1,1891,815,0.430988894765,-0.00176712470284,-0.00290528762347,-0.00180230529591,-0.00210676639088,-0.0113700780093,-0.00290528762347,-0.0337975137461,1
all,streak_group,7+,5,1891,843,0.445795875198,-0.00290329962227,-0.00513874614594,-0.00355109338392,-0.00517734588561,-0.045155895792,-0.0330788804071,-0.0999776735879,1
all,streak_group,7+,10,1891,909,0.480698043363,-0.000784073864917,-0.00354757929883,-0.00233724442413,-0.00380733298297,-0.0692681365473,-0.0543374642517,-0.137337253255,1
all,streak_group,7+,20,1891,940,0.497091485986,0.00558616525966,0,0.00159459142747,-0.00210928872004,-0.102116473306,-0.0867346938776,-0.192419825073,1
all,volume_bucket,0_8_to_1_0,1,19419,8567,0.441165868479,-0.000689005040916,-0.00190114068441,-0.000328408923849,-0.0017722354103,-0.00903252237781,-0.00190114068441,-0.0267690312063,1
all,volume_bucket,0_8_to_1_0,5,19419,9017,0.464339049385,-0.00128000068669,-0.00309405940594,-0.000456456196449,-0.00312654417718,-0.0383839736781,-0.0293072824156,-0.0824946175962,1
all,volume_bucket,0_8_to_1_0,10,19419,9240,0.475822647922,0.000341906435736,-0.00289855072464,-4.11134175392e-05,-0.00375439909751,-0.0621536027798,-0.0497322111706,-0.123432566916,1
all,volume_bucket,0_8_to_1_0,20,19419,9154,0.471393995571,0.00174904834893,-0.00561797752809,0.000713439552703,-0.00610621441432,-0.0958648456692,-0.0808566890472,-0.17986178348,1
all,volume_bucket,1_0_to_1_5,1,32331,14466,0.447434350933,0.000160402451034,-0.00162932790224,5.13501918494e-05,-0.00186679110525,-0.00892146873488,-0.00162932790224,-0.0267041461701,1
all,volume_bucket,1_0_to_1_5,5,32331,15262,0.472054684359,0.000515405914978,-0.00223338916806,-0.000130132218371,-0.00285099189741,-0.0390078365267,-0.0295857988166,-0.083081570997,1
all,volume_bucket,1_0_to_1_5,10,32331,15665,0.484519501407,0.00307764298897,-0.001953125,0.000967574956413,-0.00423652511116,-0.0631118734808,-0.050134589502,-0.126303592121,1
all,volume_bucket,1_0_to_1_5,20,32331,15803,0.48878785067,0.00697749738182,-0.00195858981533,0.00305978936663,-0.00576370911935,-0.0965527754893,-0.0810600155885,-0.181599035757,1
all,volume_bucket,ge_1_5,1,19909,9136,0.458887940128,0.00201052507761,-0.00115955473098,0.000481448089384,-0.00194393321138,-0.00937608347024,-0.00115955473098,-0.0287096894057,1
all,volume_bucket,ge_1_5,5,19909,9531,0.478728213371,0.00434496626096,-0.0017204896474,0.00105431878282,-0.00345409378103,-0.0409878268193,-0.0310262529833,-0.0874625462057,1
all,volume_bucket,ge_1_5,10,19909,9549,0.479632327088,0.00561886649354,-0.00245901639344,0.00255957385903,-0.00498377620548,-0.0661267456477,-0.0535011801731,-0.130117388286,1
all,volume_bucket,ge_1_5,20,19909,9495,0.476919985936,0.00957059049825,-0.00456447318372,0.00356942940246,-0.00911467803423,-0.0990815590373,-0.0859030837004,-0.180543506424,1
all,volume_bucket,lt_0_8,1,25536,11307,0.442786654135,-0.00076829129401,-0.00173913043478,-0.000317893869763,-0.00178285499665,-0.00849736938327,-0.00173913043478,-0.0252725923554,1
all,volume_bucket,lt_0_8,5,25536,11879,0.465186403509,-0.00123910575483,-0.00273411949392,-7.19769303862e-05,-0.00304856811626,-0.0358258961912,-0.0276290804302,-0.0753911268926,1
all,volume_bucket,lt_0_8,10,25536,12071,0.472705200501,-0.000101483027283,-0.00346911981911,0.00020425421412,-0.00434905499687,-0.0583404825582,-0.04694247877,-0.114328318643,1
all,volume_bucket,lt_0_8,20,25536,11865,0.464638157895,0.000917134084417,-0.00658079021082,0.00122383175234,-0.007733077,-0.0901105620295,-0.0765747956158,-0.168063930266,1
within_one_pct,heat,hot,1,5985,2689,0.449289891395,-0.000668044308629,-0.00162866449511,-0.000588222852094,-0.00213905556919,-0.00893783159956,-0.00162866449511,-0.0263241249488,1
within_one_pct,heat,hot,5,5985,2731,0.456307435255,-9.75925793802e-05,-0.00391877449234,0.000780276562313,-0.00308703934055,-0.0375890827226,-0.0291545189504,-0.0791376370051,1
within_one_pct,heat,hot,10,5985,2839,0.474352548037,0.00432577385118,-0.00329411764706,0.00377272050395,-0.00439716215719,-0.0594353434168,-0.0482727064745,-0.115378810523,1
within_one_pct,heat,hot,20,5985,2819,0.471010860485,0.00579655148003,-0.00564971751412,0.00430394141818,-0.00911640684614,-0.0917187029215,-0.0783450704225,-0.168415528194,1
within_one_pct,heat,warm,1,37167,16610,0.446901821508,-8.29156533744e-05,-0.00134589502019,0.000166786042571,-0.00137867826479,-0.00745799269396,-0.00134589502019,-0.0223374894298,1
within_one_pct,heat,warm,5,37167,17672,0.475475556273,0.000645758839289,-0.00149059726192,0.000720778233857,-0.00220402490247,-0.0318384115877,-0.0243002153184,-0.0668827721308,1
within_one_pct,heat,warm,10,37167,18149,0.488309521888,0.00260924029629,-0.000858000858001,0.00158541241125,-0.00278142972139,-0.0523432103565,-0.04125,-0.103354487761,1
within_one_pct,heat,warm,20,37167,18120,0.487529259827,0.00570201027991,-0.00183823529412,0.00276848439864,-0.00426019158255,-0.081322710206,-0.0676202860858,-0.153817131237,1
within_one_pct,overall,all,1,43152,19299,0.447233036707,-0.000164070524567,-0.00137907261468,6.20695002426e-05,-0.00146086069932,-0.00766324009501,-0.00137907261468,-0.0228808020383,1
within_one_pct,overall,all,5,43152,20403,0.47281701891,0.000542659139606,-0.00174672622317,0.000729030400519,-0.00230484811233,-0.0326360053665,-0.0248995983936,-0.068415577468,1
within_one_pct,overall,all,10,43152,20988,0.48637374861,0.00284731624471,-0.0012448790057,0.00188878279813,-0.00299202194549,-0.0533268592341,-0.0423056583818,-0.105090725806,1
within_one_pct,overall,all,20,43152,20939,0.48523822766,0.00571512274475,-0.00231878800436,0.002981445797,-0.00474521002089,-0.0827645904526,-0.0689910138288,-0.156017830609,1
within_one_pct,streak_group,5,1,2302,1051,0.456559513467,-0.000238407422397,-0.0011013137392,2.14882498634e-05,-0.00123554265535,-0.0081802949262,-0.0011013137392,-0.0247202474861,1
within_one_pct,streak_group,5,5,2302,1095,0.475673327541,0.000954833872689,-0.00161943426015,0.00147555727743,-0.00125259452998,-0.034104655299,-0.0255007337534,-0.0712006893194,1
within_one_pct,streak_group,5,10,2302,1161,0.504344048653,0.00415996821972,0.00105736180826,0.00301717184976,-0.00201134899249,-0.0551556889983,-0.043445232982,-0.109416293369,1
within_one_pct,streak_group,5,20,2302,1200,0.521285838401,0.0111811567037,0.00484416903991,0.00671106053304,-0.000346700935697,-0.084492653786,-0.0692987483916,-0.158484018382,1
within_one_pct,streak_group,6,1,1032,441,0.427325581395,6.35183184108e-05,-0.00239813669954,0.000854505279146,-0.00159011019872,-0.00790838552539,-0.00239813669954,-0.0225127263332,1
within_one_pct,streak_group,6,5,1032,461,0.446705426357,0.000958039763533,-0.00296861743879,0.00139724963347,-0.00182868157678,-0.0347731047944,-0.0268578902367,-0.0699099062239,1
within_one_pct,streak_group,6,10,1032,520,0.503875968992,0.00381090051543,0.00110501919567,0.00283336502363,-0.00230569285264,-0.056797158994,-0.0434817264784,-0.113669197607,1
within_one_pct,streak_group,6,20,1032,508,0.492248062016,0.00522057226919,-0.000446953430318,0.00295792498243,-0.00356155404544,-0.0885255828356,-0.0732452436541,-0.166923976608,1
within_one_pct,streak_group,7+,1,800,337,0.42125,-0.0022557776591,-0.00315760027657,-0.00132604655329,-0.00163299602541,-0.00926096302319,-0.00315760027657,-0.0266314246833,1
within_one_pct,streak_group,7+,5,800,357,0.44625,-0.00280343988817,-0.00415498123139,-0.00302267204036,-0.0048580856718,-0.0367593316689,-0.0280700372233,-0.0770134045149,1
within_one_pct,streak_group,7+,10,800,395,0.49375,-0.0015318559358,-0.00118923491616,-0.00258628972579,-0.00246589686261,-0.059151958194,-0.0454695416519,-0.115609898376,1
within_one_pct,streak_group,7+,20,800,417,0.52125,0.00811759931545,0.00413328311388,0.00436337111947,0.00209884888904,-0.0876019066773,-0.0699512018024,-0.167177167769,1
within_one_pct,volume_bucket,0_8_to_1_0,1,10295,4556,0.442544924721,-0.000488068962177,-0.00165289256198,-9.62044960169e-05,-0.00149948518015,-0.00790126211143,-0.00165289256198,-0.023506591861,1
within_one_pct,volume_bucket,0_8_to_1_0,5,10295,4795,0.465760077708,-0.000483260824198,-0.00255754475703,5.23261576892e-05,-0.00271227135805,-0.0334942333598,-0.0253863134658,-0.0711600369652,1
within_one_pct,volume_bucket,0_8_to_1_0,10,10295,4993,0.48499271491,0.0018071931098,-0.00135317997294,0.0012583527693,-0.00266086333798,-0.0545058302712,-0.0434557235421,-0.107687889999,1
within_one_pct,volume_bucket,0_8_to_1_0,20,10295,4982,0.483924235066,0.0046067446252,-0.00271739130435,0.00239009754406,-0.00388401535004,-0.0846011618973,-0.0704615384615,-0.158486102898,1
within_one_pct,volume_bucket,1_0_to_1_5,1,11444,5162,0.451066060818,0.000395421261502,-0.00117769827072,0.000237756970909,-0.00140765715196,-0.00740601224402,-0.00117769827072,-0.0222017774704,1
within_one_pct,volume_bucket,1_0_to_1_5,5,11444,5502,0.480775952464,0.00212181802903,-0.000880826426686,0.0012022950471,-0.0016711307286,-0.0321937965096,-0.0242716296558,-0.0676807377107,1
within_one_pct,volume_bucket,1_0_to_1_5,10,11444,5723,0.500087382034,0.00541333982337,0.000158697288963,0.00264005309733,-0.00243461403962,-0.0522916895415,-0.0404195545916,-0.103486173956,1
within_one_pct,volume_bucket,1_0_to_1_5,20,11444,5800,0.506815798672,0.0103380111436,0.0016501670136,0.00443740997378,-0.00278277302248,-0.0808173503665,-0.0657729367407,-0.154985436893,1
within_one_pct,volume_bucket,ge_1_5,1,3330,1506,0.452252252252,0.000730452876074,-0.000839863153266,0.000368212572655,-0.00128030397905,-0.00743446987558,-0.000839863153266,-0.0228075745638,1
within_one_pct,volume_bucket,ge_1_5,5,3330,1591,0.477777777778,0.00283369732562,-0.00118449168225,0.000959591046383,-0.00280373167184,-0.0317744291704,-0.0238095238095,-0.0679911412194,1
within_one_pct,volume_bucket,ge_1_5,10,3330,1619,0.486186186186,0.00678734627563,-0.000150693188668,0.00332402053657,-0.00367836863014,-0.0511622274928,-0.0407840969516,-0.100153710962,1
within_one_pct,volume_bucket,ge_1_5,20,3330,1590,0.477477477477,0.00767889961405,-0.0029540151503,0.00272418212747,-0.00734353361548,-0.0793597392702,-0.0666666666667,-0.149432924734,1
within_one_pct,volume_bucket,lt_0_8,1,18083,8075,0.446552010175,-0.000498418973868,-0.00144927536232,-1.53840779218e-05,-0.00150442860077,-0.00773264692455,-0.00144927536232,-0.0229163493743,1
within_one_pct,volume_bucket,lt_0_8,5,18083,8515,0.470884255931,-0.000294547378263,-0.00202839756592,0.000772323140318,-0.00243096100644,-0.0325859157631,-0.0252324037185,-0.0677952341474,1
within_one_pct,volume_bucket,lt_0_8,10,18083,8653,0.478515733009,0.00108998581483,-0.0025641025641,0.00150794987073,-0.00342646336433,-0.0537093841931,-0.0429594272076,-0.105170662606,1
within_one_pct,volume_bucket,lt_0_8,20,18083,8567,0.473759884975,0.00305887328004,-0.00437893811361,0.00244406617217,-0.00604335781519,-0.0835783308143,-0.070382675287,-0.156744436744,1
