buy_price,buy_value,direction,execution_date,fees,from_asset,from_weight,reasons,sell_price,sell_value,shares_after,shares_before,signal_date,target_weight,to_asset
3.8056608,249651.34848000002,CASH→510300.SH,2015-01-08,187.23851136000002,,0.0,regime_half;enter_leader,,0.0,65600,0,2015-01-07,0.5,510300.SH
,0.0,510300.SH→CASH,2015-03-03,183.62633100000002,510300.SH,0.5,overheat;cash,3.7322425000000004,244835.10800000004,0,65600,2015-03-02,0.0,
3.6882475,247112.58250000002,CASH→510300.SH,2015-03-10,185.33443687500002,,0.0,regime_half;enter_leader,,0.0,67000,0,2015-03-09,0.5,510300.SH
,0.0,510300.SH→CASH,2015-03-11,184.75543125000002,510300.SH,0.5,overheat;cash,3.6767250000000002,246340.575,0,67000,2015-03-10,0.0,
3.7919500000000004,246476.75000000003,CASH→510300.SH,2015-03-16,184.85756250000003,,0.0,regime_half;enter_leader,,0.0,65000,0,2015-03-13,0.5,510300.SH
,0.0,510300.SH→CASH,2015-03-17,189.70879687500002,510300.SH,0.5,overheat;cash,3.8914625000000003,252945.06250000003,0,65000,2015-03-16,0.0,
4.745175000000001,249596.20500000005,CASH→510300.SH,2015-04-17,187.19715375000004,,0.0,regime_half;enter_leader,,0.0,52600,0,2015-04-16,0.5,510300.SH
,0.0,510300.SH→CASH,2015-04-20,189.67658625000004,510300.SH,0.5,overheat;cash,4.808025000000001,252902.11500000005,0,52600,2015-04-17,0.0,
4.9861,251299.44000000003,CASH→510300.SH,2015-04-30,188.47458000000003,,0.0,regime_half;enter_leader,,0.0,50400,0,2015-04-29,0.5,510300.SH
,0.0,510300.SH→CASH,2015-05-04,187.6430745,510300.SH,0.5,overheat;cash,4.9641025,250190.766,0,50400,2015-04-30,0.0,
4.808025000000001,250498.10250000004,CASH→510300.SH,2015-05-06,187.87357687500003,,0.0,regime_half;enter_leader,,0.0,52100,0,2015-05-05,0.5,510300.SH
2.908,249215.6,510300.SH→159915.SZ,2015-05-11,373.148034375,510300.SH,0.5,regime_half;momentum_switch,4.766125000000001,248315.11250000002,85700,52100,2015-05-08,0.5,159915.SZ
,0.0,159915.SZ→CASH,2015-05-12,196.87432500000003,159915.SZ,0.5,overheat;cash,3.063,262499.10000000003,0,85700,2015-05-11,0.0,
3.398,255529.6,CASH→159915.SZ,2015-06-01,191.6472,,0.0,regime_half;enter_leader,,0.0,75200,0,2015-05-29,0.5,159915.SZ
,0.0,159915.SZ→CASH,2015-06-02,202.08120000000002,159915.SZ,0.5,overheat;cash,3.583,269441.60000000003,0,75200,2015-06-01,0.0,
3.39,262386.0,CASH→159915.SZ,2015-06-17,196.7895,,0.0,regime_half;enter_leader,,0.0,77400,0,2015-06-16,0.5,159915.SZ
,0.0,159915.SZ→CASH,2015-06-19,186.92100000000002,159915.SZ,0.5,overheat;cash,3.22,249228.00000000003,0,77400,2015-06-18,0.0,
3.15,255465.0,CASH→159915.SZ,2015-06-23,191.59875,,0.0,regime_half;enter_leader,,0.0,81100,0,2015-06-19,0.5,159915.SZ
,0.0,159915.SZ→159915.SZ,2015-06-29,78.03899999999999,159915.SZ,0.5,regime_half;hold_schedule;risk_tier_0.5,2.76,104051.99999999999,43400,81100,2015-06-26,0.25,159915.SZ
,0.0,159915.SZ→159915.SZ,2015-06-30,35.868,159915.SZ,0.25,regime_half;hold_schedule;risk_tier_0.25,2.44,47824.0,23800,43400,2015-06-29,0.125,159915.SZ
,0.0,159915.SZ→CASH,2015-07-07,40.07325,159915.SZ,0.125,breadth_closed;cash;risk_tier_0.25,2.245,53431.0,0,23800,2015-07-06,0.0,
2.715,57558.0,CASH→159915.SZ,2015-07-22,43.1685,,0.0,regime_half;enter_leader;risk_tier_0.25,,0.0,21200,0,2015-07-21,0.125,159915.SZ
2.441,62001.399999999994,159915.SZ→159915.SZ,2015-07-29,46.50105,159915.SZ,0.125,gate_open;hold_schedule;risk_tier_0.25,,0.0,46600,21200,2015-07-28,0.25,159915.SZ
2.5033592999999996,114653.85593999998,159915.SZ→510500.SH,2015-08-18,174.44884195499998,159915.SZ,0.25,gate_open;momentum_switch;risk_tier_0.25,2.531,117944.6,45800,46600,2015-08-17,0.25,510500.SH
,0.0,510500.SH→CASH,2015-08-26,60.03248167500001,510500.SH,0.25,breadth_closed;cash;risk_tier_0.25,1.7476705000000001,80043.3089,0,45800,2015-08-25,0.0,
1.7356176,106046.23536,CASH→510500.SH,2015-09-28,79.53467652,,0.0,gate_open;enter_leader;risk_tier_0.25,,0.0,61100,0,2015-09-25,0.25,510500.SH
,0.0,510500.SH→CASH,2015-10-09,83.105516325,510500.SH,0.25,breadth_closed;cash;risk_tier_0.25,1.8135409999999998,110807.35509999999,0,61100,2015-10-08,0.0,
2.22,107226.00000000001,CASH→159915.SZ,2015-10-14,80.41950000000001,,0.0,gate_open;enter_leader;risk_tier_0.25,,0.0,48300,0,2015-10-13,0.25,159915.SZ
2.1019696999999997,110353.40924999998,159915.SZ→510500.SH,2015-11-05,172.7841819375,159915.SZ,0.25,gate_open;momentum_switch;risk_tier_0.25,2.485,120025.5,52500,48300,2015-11-04,0.25,510500.SH
,0.0,510500.SH→510500.SH,2015-11-16,43.2693504,510500.SH,0.25,regime_half;hold_schedule;risk_tier_0.25,2.152704,57692.4672,25700,52500,2015-11-13,0.125,510500.SH
3.9626925,55477.695,510500.SH→510300.SH,2015-12-03,82.939557375,510500.SH,0.125,regime_half;momentum_switch;risk_tier_0.25,2.144295,55108.3815,14000,25700,2015-12-02,0.125,510300.SH
2.606,55507.799999999996,510300.SH→159915.SZ,2015-12-31,83.43709875,510300.SH,0.125,regime_half;momentum_switch;risk_tier_0.25,3.9815475000000005,55741.66500000001,21300,14000,2015-12-30,0.125,159915.SZ
,0.0,159915.SZ→CASH,2016-01-11,33.02032500000001,159915.SZ,0.125,breadth_closed;cash;risk_tier_0.25,2.067,44027.100000000006,0,21300,2016-01-08,0.0,
2.14,108070.0,CASH→159915.SZ,2016-02-23,81.0525,,0.0,gate_open;enter_leader;risk_tier_0.25,,0.0,50500,0,2016-02-22,0.25,159915.SZ
,0.0,159915.SZ→CASH,2016-02-29,71.43225,159915.SZ,0.25,breadth_closed;cash;risk_tier_0.25,1.886,95243.0,0,50500,2016-02-26,0.0,
2.1,104790.0,CASH→159915.SZ,2016-03-21,78.5925,,0.0,gate_open;enter_leader;risk_tier_0.25,,0.0,49900,0,2016-03-18,0.25,159915.SZ
3.3596794,103814.09346,159915.SZ→510300.SH,2016-05-03,154.057870095,159915.SZ,0.25,gate_open;momentum_switch;risk_tier_0.25,2.036,101596.40000000001,30900,49900,2016-04-29,0.25,510300.SH
,0.0,510300.SH→CASH,2016-05-12,75.46827510000001,510300.SH,0.25,breadth_closed;cash;risk_tier_0.25,3.2564520000000003,100624.36680000002,0,30900,2016-05-11,0.0,
3.3650004,102969.01224,CASH→510300.SH,2016-06-03,77.22675918,,0.0,gate_open;enter_leader;risk_tier_0.25,,0.0,30600,0,2016-06-02,0.25,510300.SH
,0.0,510300.SH→CASH,2016-06-16,76.24982358,510300.SH,0.25,breadth_closed;cash;risk_tier_0.25,3.3224324,101666.43144,0,30600,2016-06-15,0.0,
3.330946,102593.1368,CASH→510300.SH,2016-06-21,76.94485259999999,,0.0,gate_open;enter_leader;risk_tier_0.25,,0.0,30800,0,2016-06-20,0.25,510300.SH
,0.0,510300.SH→CASH,2016-06-27,75.7157016,510300.SH,0.25,breadth_closed;cash;risk_tier_0.25,3.277736,100954.2688,0,30800,2016-06-24,0.0,
3.3639362,102263.66047999999,CASH→510300.SH,2016-07-01,76.69774536,,0.0,gate_open;enter_leader;risk_tier_0.25,,0.0,30400,0,2016-06-30,0.25,510300.SH
1.8841766,103629.713,510300.SH→510500.SH,2016-07-14,158.37502299,510300.SH,0.25,gate_open;momentum_switch;risk_tier_0.25,3.5374008,107536.98432,55000,30400,2016-07-13,0.25,510500.SH
,0.0,510500.SH→CASH,2016-08-08,74.80856625,510500.SH,0.25,breadth_closed;cash;risk_tier_0.25,1.8135409999999998,99744.75499999999,0,55000,2016-08-05,0.0,
3.4937686,102367.41998,CASH→510300.SH,2016-08-09,76.775564985,,0.0,gate_open;enter_leader;risk_tier_0.25,,0.0,29300,0,2016-08-08,0.25,510300.SH
1.9021157999999998,103475.09951999999,510300.SH→510500.SH,2016-09-08,157.188185025,510300.SH,0.25,gate_open;momentum_switch;risk_tier_0.25,3.6214726,106109.14718,54400,29300,2016-09-07,0.25,510500.SH
3.7832310000000002,103282.2063,510500.SH→510300.SH,2016-12-12,155.22808672500003,510500.SH,0.25,gate_open;momentum_switch;risk_tier_0.25,1.90604,103688.576,27300,54400,2016-12-09,0.25,510300.SH
,0.0,510300.SH→CASH,2016-12-14,75.17375775000001,510300.SH,0.25,breadth_closed;cash;risk_tier_0.25,3.6714900000000004,100231.67700000001,0,27300,2016-12-13,0.0,
3.596996,102514.386,CASH→510300.SH,2016-12-20,76.8857895,,0.0,gate_open;enter_leader;risk_tier_0.25,,0.0,28500,0,2016-12-19,0.25,510300.SH
,0.0,510300.SH→CASH,2016-12-30,76.29436035,510300.SH,0.25,breadth_closed;cash;risk_tier_0.25,3.5693268000000002,101725.8138,0,28500,2016-12-29,0.0,
3.6118948000000004,102216.62284000001,CASH→510300.SH,2017-01-04,76.66246713000001,,0.0,gate_open;enter_leader;risk_tier_0.25,,0.0,28300,0,2017-01-03,0.25,510300.SH
,0.0,510300.SH→CASH,2017-01-16,76.07518836,510300.SH,0.25,breadth_closed;cash;risk_tier_0.25,3.5842256,101433.58447999999,0,28300,2017-01-13,0.0,
3.6352576,102150.73856,CASH→510300.SH,2017-01-25,76.61305392,,0.0,gate_open;enter_leader;risk_tier_0.25,,0.0,28100,0,2017-01-24,0.25,510300.SH
,0.0,510300.SH→CASH,2017-04-18,79.05208895999999,510300.SH,0.25,breadth_closed;cash;risk_tier_0.25,3.7509887999999996,105402.78527999998,0,28100,2017-04-17,0.0,
3.8721279999999996,102998.60479999999,CASH→510300.SH,2017-06-12,77.2489536,,0.0,gate_open;enter_leader;risk_tier_0.25,,0.0,26600,0,2017-06-09,0.25,510300.SH
,0.0,510300.SH→CASH,2017-07-18,79.79514816,510300.SH,0.25,breadth_closed;cash;risk_tier_0.25,3.9997567999999997,106393.53087999999,0,26600,2017-07-17,0.0,
4.099264,103711.3792,CASH→510300.SH,2017-08-01,77.7835344,,0.0,gate_open;enter_leader;risk_tier_0.25,,0.0,25300,0,2017-07-31,0.25,510300.SH
,0.0,510300.SH→CASH,2017-11-02,83.07856128,510300.SH,0.25,breadth_closed;cash;risk_tier_0.25,4.3783167999999995,110771.41503999999,0,25300,2017-11-01,0.0,
4.521087999999999,105341.35039999998,CASH→510300.SH,2017-11-13,79.0060128,,0.0,gate_open;enter_leader;risk_tier_0.25,,0.0,23300,0,2017-11-10,0.25,510300.SH
,0.0,510300.SH→CASH,2017-11-17,78.59019168000002,510300.SH,0.25,breadth_closed;cash;risk_tier_0.25,4.4972928,104786.92224000001,0,23300,2017-11-16,0.0,
4.5275776,105039.80032,CASH→510300.SH,2018-01-08,78.77985024,,0.0,gate_open;enter_leader;risk_tier_0.25,,0.0,23200,0,2018-01-05,0.25,510300.SH
,0.0,510300.SH→CASH,2018-01-16,80.26661759999999,510300.SH,0.25,breadth_closed;cash;risk_tier_0.25,4.613023999999999,107022.15679999998,0,23200,2018-01-15,0.0,
4.372,105802.4,CASH→510300.SH,2018-03-01,79.3518,,0.0,gate_open;enter_leader;risk_tier_0.25,,0.0,24200,0,2018-02-28,0.25,510300.SH
,0.0,510300.SH→CASH,2018-03-26,76.63400085,510300.SH,0.25,breadth_closed;cash;risk_tier_0.25,4.222259,102178.66780000001,0,24200,2018-03-23,0.0,
4.217887,104603.59760000001,CASH→510300.SH,2018-04-03,78.45269820000001,,0.0,gate_open;enter_leader;risk_tier_0.25,,0.0,24800,0,2018-04-02,0.25,510300.SH
,0.0,510300.SH→CASH,2018-04-12,79.9367736,510300.SH,0.25,breadth_closed;cash;risk_tier_0.25,4.297676,106582.3648,0,24800,2018-04-11,0.0,
1.762,105367.6,CASH→159915.SZ,2018-05-11,79.0257,,0.0,gate_open;enter_leader;risk_tier_0.25,,0.0,59800,0,2018-05-10,0.25,159915.SZ
,0.0,159915.SZ→CASH,2018-05-18,77.4111,159915.SZ,0.25,breadth_closed;cash;risk_tier_0.25,1.726,103214.8,0,59800,2018-05-17,0.0,
1.744,104814.4,CASH→159915.SZ,2018-05-24,78.6108,,0.0,gate_open;enter_leader;risk_tier_0.25,,0.0,60100,0,2018-05-23,0.25,159915.SZ
,0.0,159915.SZ→CASH,2018-05-28,76.71765,159915.SZ,0.25,breadth_closed;cash;risk_tier_0.25,1.702,102290.2,0,60100,2018-05-25,0.0,
3.613458,104067.5904,CASH→510300.SH,2018-11-16,78.05069280000001,,0.0,gate_open;enter_leader;risk_tier_0.25,,0.0,28800,0,2018-11-15,0.25,510300.SH
,0.0,510300.SH→CASH,2018-11-26,75.38289840000002,510300.SH,0.25,breadth_closed;cash;risk_tier_0.25,3.489949,100510.53120000001,0,28800,2018-11-23,0.0,
3.7453730999999997,102997.76024999999,CASH→510300.SH,2019-02-18,77.2483201875,,0.0,gate_open;enter_leader;risk_tier_0.25,,0.0,27500,0,2019-02-15,0.25,510300.SH
1.598,105947.40000000001,510300.SH→159915.SZ,2019-03-18,165.2767035,510300.SH,0.25,gate_open;momentum_switch;risk_tier_0.25,4.1607832,114421.538,66300,27500,2019-03-15,0.25,159915.SZ
,0.0,159915.SZ→CASH,2019-05-10,70.957575,159915.SZ,0.25,breadth_closed;cash;risk_tier_0.25,1.427,94610.1,0,66300,2019-05-09,0.0,
4.0961886,102814.33385999998,CASH→510300.SH,2019-06-18,77.110750395,,0.0,gate_open;enter_leader;risk_tier_0.25,,0.0,25100,0,2019-06-17,0.25,510300.SH
,0.0,510300.SH→CASH,2019-07-11,80.46521479500001,510300.SH,0.25,breadth_closed;cash;risk_tier_0.25,4.2743806,107286.95306,0,25100,2019-07-10,0.0,
1.508,104202.8,CASH→159915.SZ,2019-07-30,78.1521,,0.0,gate_open;enter_leader;risk_tier_0.25,,0.0,69100,0,2019-07-29,0.25,159915.SZ
,0.0,159915.SZ→CASH,2019-08-05,77.47837500000001,159915.SZ,0.25,breadth_closed;cash;risk_tier_0.25,1.495,103304.50000000001,0,69100,2019-08-02,0.0,
1.553,103895.7,CASH→159915.SZ,2019-08-23,77.921775,,0.0,gate_open;enter_leader;risk_tier_0.25,,0.0,66900,0,2019-08-22,0.25,159915.SZ
4.508257599999999,105042.40207999999,159915.SZ→510300.SH,2019-09-09,161.01862656,159915.SZ,0.25,gate_open;momentum_switch;risk_tier_0.25,1.639,109649.1,23300,66900,2019-09-06,0.25,510300.SH
,0.0,510300.SH→CASH,2019-10-24,76.5826060125,510300.SH,0.25,breadth_closed;cash;risk_tier_0.25,4.3824095,102110.14134999999,0,23300,2019-10-23,0.0,
1.651,104508.3,CASH→159915.SZ,2019-12-10,78.381225,,0.0,gate_open;enter_leader;risk_tier_0.25,,0.0,63300,0,2019-12-09,0.25,159915.SZ
,0.0,159915.SZ→CASH,2020-02-04,81.4671,159915.SZ,0.25,breadth_closed;cash;risk_tier_0.25,1.716,108622.8,0,63300,2020-02-03,0.0,
1.943,105504.90000000001,CASH→159915.SZ,2020-02-12,79.128675,,0.0,gate_open;enter_leader;risk_tier_0.25,,0.0,54300,0,2020-02-11,0.25,159915.SZ
,0.0,159915.SZ→CASH,2020-03-18,75.7485,159915.SZ,0.25,breadth_closed;cash;risk_tier_0.25,1.86,100998.0,0,54300,2020-03-17,0.0,
1.921,104310.3,CASH→159915.SZ,2020-04-10,78.232725,,0.0,gate_open;enter_leader;risk_tier_0.25,,0.0,54300,0,2020-04-09,0.25,159915.SZ
,0.0,159915.SZ→CASH,2020-04-28,79.29157500000001,159915.SZ,0.25,breadth_closed;cash;risk_tier_0.25,1.947,105722.1,0,54300,2020-04-27,0.0,
2.021,104687.79999999999,CASH→159915.SZ,2020-05-12,78.51584999999999,,0.0,gate_open;enter_leader;risk_tier_0.25,,0.0,51800,0,2020-05-11,0.25,159915.SZ
,0.0,159915.SZ→CASH,2020-05-22,78.28275000000001,159915.SZ,0.25,breadth_closed;cash;risk_tier_0.25,2.015,104377.0,0,51800,2020-05-21,0.0,
2.075,104580.00000000001,CASH→159915.SZ,2020-06-03,78.43500000000002,,0.0,gate_open;enter_leader;risk_tier_0.25,,0.0,50400,0,2020-06-02,0.25,159915.SZ
,0.0,159915.SZ→CASH,2020-07-08,95.06700000000001,159915.SZ,0.25,overheat;cash;risk_tier_0.25,2.515,126756.0,0,50400,2020-07-07,0.0,
2.718,110079.0,CASH→159915.SZ,2020-07-16,82.55925,,0.0,gate_open;enter_leader;risk_tier_0.25,,0.0,40500,0,2020-07-15,0.25,159915.SZ
,0.0,159915.SZ→CASH,2020-09-29,74.50987500000001,159915.SZ,0.25,breadth_closed;cash;risk_tier_0.25,2.453,99346.5,0,40500,2020-09-28,0.0,
2.682,107280.0,CASH→159915.SZ,2020-10-14,80.46000000000001,,0.0,gate_open;enter_leader;risk_tier_0.25,,0.0,40000,0,2020-10-13,0.25,159915.SZ
,0.0,159915.SZ→CASH,2020-10-29,76.44,159915.SZ,0.25,breadth_closed;cash;risk_tier_0.25,2.548,101920.0,0,40000,2020-10-28,0.0,
2.607,105844.20000000001,CASH→159915.SZ,2020-10-30,79.38315000000001,,0.0,gate_open;enter_leader;risk_tier_0.25,,0.0,40600,0,2020-10-29,0.25,159915.SZ
,0.0,159915.SZ→CASH,2020-11-02,78.2565,159915.SZ,0.25,breadth_closed;cash;risk_tier_0.25,2.57,104342.0,0,40600,2020-10-30,0.0,
2.653,105589.4,CASH→159915.SZ,2020-11-09,79.19205,,0.0,gate_open;enter_leader;risk_tier_0.25,,0.0,39800,0,2020-11-06,0.25,159915.SZ
5.690942,104713.33279999999,159915.SZ→510300.SH,2020-11-23,155.51814960000002,159915.SZ,0.25,gate_open;momentum_switch;risk_tier_0.25,2.579,102644.20000000001,18400,39800,2020-11-20,0.25,510300.SH
,0.0,510300.SH→CASH,2020-12-14,77.42645388,510300.SH,0.25,breadth_closed;cash;risk_tier_0.25,5.6106126,103235.27183999999,0,18400,2020-12-11,0.0,
6.1627358,104150.23502000001,CASH→510300.SH,2021-01-06,78.112676265,,0.0,gate_open;enter_leader;risk_tier_0.25,,0.0,16900,0,2021-01-05,0.25,510300.SH
,0.0,510300.SH→CASH,2021-01-08,80.42149595999999,510300.SH,0.25,breadth_closed;cash;risk_tier_0.25,6.344891199999999,107228.66127999999,0,16900,2021-01-07,0.0,
3.17,104927.0,CASH→159915.SZ,2021-01-22,78.69525,,0.0,gate_open;enter_leader;risk_tier_0.25,,0.0,33100,0,2021-01-21,0.25,159915.SZ
,0.0,159915.SZ→CASH,2021-01-27,78.223575,159915.SZ,0.25,breadth_closed;cash;risk_tier_0.25,3.151,104298.09999999999,0,33100,2021-01-26,0.0,
3.0,104700.0,CASH→159915.SZ,2021-02-23,78.525,,0.0,gate_open;enter_leader;risk_tier_0.25,,0.0,34900,0,2021-02-22,0.25,159915.SZ
5.773913100000001,101043.47925,159915.SZ→510300.SH,2021-03-10,144.0208344375,159915.SZ,0.25,gate_open;momentum_switch;risk_tier_0.25,2.607,90984.3,17500,34900,2021-03-09,0.25,510300.SH
,0.0,510300.SH→CASH,2021-03-12,77.4074896875,510300.SH,0.25,breadth_closed;cash;risk_tier_0.25,5.8977135,103209.98625,0,17500,2021-03-11,0.0,
5.8553004,101882.22696,CASH→510300.SH,2021-03-18,76.41167022,,0.0,gate_open;enter_leader;risk_tier_0.25,,0.0,17400,0,2021-03-17,0.25,510300.SH
2.831,101916.0,510300.SH→159915.SZ,2021-04-22,152.74395571500003,510300.SH,0.25,gate_open;momentum_switch;risk_tier_0.25,5.847276300000001,101742.60762000001,36000,17400,2021-04-21,0.25,159915.SZ
,0.0,159915.SZ→CASH,2021-04-30,79.407,159915.SZ,0.25,breadth_closed;cash;risk_tier_0.25,2.941,105876.0,0,36000,2021-04-29,0.0,
2.945,102780.5,CASH→159915.SZ,2021-05-17,77.085375,,0.0,gate_open;enter_leader;risk_tier_0.25,,0.0,34900,0,2021-05-14,0.25,159915.SZ
,0.0,159915.SZ→CASH,2021-07-21,88.0527,159915.SZ,0.25,breadth_closed;cash;risk_tier_0.25,3.364,117403.59999999999,0,34900,2021-07-20,0.0,
2.197552,106361.5168,CASH→510500.SH,2021-07-26,79.7711376,,0.0,gate_open;enter_leader;risk_tier_0.25,,0.0,48400,0,2021-07-23,0.25,510500.SH
,0.0,510500.SH→CASH,2021-07-28,76.34219967,510500.SH,0.25,breadth_closed;cash;risk_tier_0.25,2.1030908999999998,101789.59955999999,0,48400,2021-07-27,0.0,
3.435,105111.0,CASH→159915.SZ,2021-08-06,78.83325,,0.0,gate_open;enter_leader;risk_tier_0.25,,0.0,30600,0,2021-08-05,0.25,159915.SZ
,0.0,159915.SZ→CASH,2021-10-08,72.72855,159915.SZ,0.25,breadth_closed;cash;risk_tier_0.25,3.169,96971.4,0,30600,2021-09-30,0.0,
3.1,103230.0,CASH→159915.SZ,2021-10-14,77.4225,,0.0,gate_open;enter_leader;risk_tier_0.25,,0.0,33300,0,2021-10-13,0.25,159915.SZ
,0.0,159915.SZ→CASH,2021-10-19,79.4205,159915.SZ,0.25,breadth_closed;cash;risk_tier_0.25,3.18,105894.0,0,33300,2021-10-18,0.0,
3.287,103869.2,CASH→159915.SZ,2021-11-10,77.9019,,0.0,gate_open;enter_leader;risk_tier_0.25,,0.0,31600,0,2021-11-09,0.25,159915.SZ
2.3220052,104490.234,159915.SZ→510500.SH,2021-12-17,158.3788755,159915.SZ,0.25,gate_open;momentum_switch;risk_tier_0.25,3.376,106681.59999999999,45000,31600,2021-12-16,0.25,510500.SH
,0.0,510500.SH→CASH,2022-01-26,71.89694999999999,510500.SH,0.25,breadth_closed;cash;risk_tier_0.25,2.13028,95862.59999999999,0,45000,2022-01-25,0.0,
2.1148635,102359.39339999999,CASH→510500.SH,2022-02-14,76.76954504999999,,0.0,gate_open;enter_leader;risk_tier_0.25,,0.0,48400,0,2022-02-11,0.25,510500.SH
,0.0,510500.SH→CASH,2022-03-08,76.11835209,510500.SH,0.25,breadth_closed;cash;risk_tier_0.25,2.0969243,101491.13612,0,48400,2022-03-07,0.0,
4.94785,101925.70999999999,CASH→510300.SH,2022-03-24,76.4442825,,0.0,gate_open;enter_leader;risk_tier_0.25,,0.0,20600,0,2022-03-23,0.25,510300.SH
,0.0,510300.SH→CASH,2022-04-11,75.63487245,510300.SH,0.25,breadth_closed;cash;risk_tier_0.25,4.895461,100846.4966,0,20600,2022-04-08,0.0,
1.8340029,101787.16095,CASH→510500.SH,2022-05-18,76.3403707125,,0.0,gate_open;enter_leader;risk_tier_0.25,,0.0,55500,0,2022-05-17,0.25,510500.SH
,0.0,510500.SH→CASH,2022-09-05,82.0124721,510500.SH,0.25,breadth_closed;cash;risk_tier_0.25,1.9702696,109349.9628,0,55500,2022-09-02,0.0,
2.0149025000000003,103565.9885,CASH→510500.SH,2022-09-09,77.674491375,,0.0,gate_open;enter_leader;risk_tier_0.25,,0.0,51400,0,2022-09-08,0.25,510500.SH
,0.0,510500.SH→CASH,2022-09-16,75.38448645,510500.SH,0.25,breadth_closed;cash;risk_tier_0.25,1.9554989999999999,100512.6486,0,51400,2022-09-15,0.0,
2.34,102726.0,CASH→159915.SZ,2022-10-20,77.0445,,0.0,gate_open;enter_leader;risk_tier_0.25,,0.0,43900,0,2022-10-19,0.25,159915.SZ
,0.0,159915.SZ→CASH,2022-10-26,74.114175,159915.SZ,0.25,breadth_closed;cash;risk_tier_0.25,2.251,98818.9,0,43900,2022-10-25,0.0,
1.9696274,101829.73658,CASH→510500.SH,2022-11-08,76.372302435,,0.0,gate_open;enter_leader;risk_tier_0.25,,0.0,51700,0,2022-11-07,0.25,510500.SH
,0.0,510500.SH→CASH,2022-12-21,73.58335627500001,510500.SH,0.25,breadth_closed;cash;risk_tier_0.25,1.897701,98111.14170000001,0,51700,2022-12-20,0.0,
1.9420128,100790.46432,CASH→510500.SH,2023-01-09,75.59284824,,0.0,gate_open;enter_leader;risk_tier_0.25,,0.0,51900,0,2023-01-06,0.25,510500.SH
,0.0,510500.SH→CASH,2023-04-25,77.76764248500001,510500.SH,0.25,breadth_closed;cash;risk_tier_0.25,1.9978842,103690.18998000001,0,51900,2023-04-24,0.0,
4.74892,101151.996,CASH→510300.SH,2023-05-08,75.863997,,0.0,gate_open;enter_leader;risk_tier_0.25,,0.0,21300,0,2023-05-05,0.25,510300.SH
,0.0,510300.SH→CASH,2023-05-15,74.31498112500002,510300.SH,0.25,breadth_closed;cash;risk_tier_0.25,4.651955000000001,99086.64150000003,0,21300,2023-05-12,0.0,
1.9689851999999999,100812.04224,CASH→510500.SH,2023-07-05,75.60903168,,0.0,gate_open;enter_leader;risk_tier_0.25,,0.0,51200,0,2023-07-04,0.25,510500.SH
,0.0,510500.SH→CASH,2023-07-24,73.98144,510500.SH,0.25,breadth_closed;cash;risk_tier_0.25,1.9266,98641.92,0,51200,2023-07-21,0.0,
1.939444,100269.2548,CASH→510500.SH,2023-07-28,75.2019411,,0.0,gate_open;enter_leader;risk_tier_0.25,,0.0,51700,0,2023-07-27,0.25,510500.SH
,0.0,510500.SH→CASH,2023-08-10,76.4096543925,510500.SH,0.25,breadth_closed;cash;risk_tier_0.25,1.9705906999999998,101879.53919,0,51700,2023-08-09,0.0,
4.582187500000001,100349.90625000001,CASH→510300.SH,2023-09-07,75.26242968750002,,0.0,gate_open;enter_leader;risk_tier_0.25,,0.0,21900,0,2023-09-06,0.25,510300.SH
,0.0,510300.SH→CASH,2023-09-11,73.99996312500002,510300.SH,0.25,breadth_closed;cash;risk_tier_0.25,4.505325000000001,98666.61750000002,0,21900,2023-09-08,0.0,
4.3551475,100168.3925,CASH→510300.SH,2023-11-08,75.126294375,,0.0,gate_open;enter_leader;risk_tier_0.25,,0.0,23000,0,2023-11-07,0.25,510300.SH
,0.0,510300.SH→CASH,2023-12-05,71.781001875,510300.SH,0.25,breadth_closed;cash;risk_tier_0.25,4.1612175,95708.0025,0,23000,2023-12-04,0.0,
4.1983128,99080.18208,CASH→510300.SH,2024-02-26,74.31013656,,0.0,gate_open;enter_leader;risk_tier_0.25,,0.0,23600,0,2024-02-23,0.25,510300.SH
,0.0,510300.SH→CASH,2024-04-23,75.33628344,510300.SH,0.25,breadth_closed;cash;risk_tier_0.25,4.2562872,100448.37792,0,23600,2024-04-22,0.0,
4.3963920000000005,99358.45920000001,CASH→510300.SH,2024-05-06,74.5188444,,0.0,gate_open;enter_leader;risk_tier_0.25,,0.0,22600,0,2024-04-30,0.25,510300.SH
,0.0,510300.SH→CASH,2024-05-28,74.33459450999999,510300.SH,0.25,breadth_closed;cash;risk_tier_0.25,4.385521799999999,99112.79267999998,0,22600,2024-05-27,0.0,
4.839654599999999,99212.9193,CASH→510300.SH,2024-09-30,74.409689475,,0.0,gate_open;enter_leader;risk_tier_0.25,,0.0,20500,0,2024-09-27,0.25,510300.SH
,0.0,510300.SH→CASH,2024-10-09,79.572128625,510300.SH,0.25,overheat;cash;risk_tier_0.25,5.175423,106096.17150000001,0,20500,2024-10-08,0.0,
2.241,100845.0,CASH→159915.SZ,2024-10-10,75.63375,,0.0,gate_open;enter_leader;risk_tier_0.25,,0.0,45000,0,2024-10-09,0.25,159915.SZ
,0.0,159915.SZ→CASH,2025-04-08,60.480000000000004,159915.SZ,0.25,breadth_closed;cash;risk_tier_0.25,1.792,80640.0,0,45000,2025-04-07,0.0,
1.8317584,95800.96432,CASH→510500.SH,2025-04-17,71.85072324000001,,0.0,gate_open;enter_leader;risk_tier_0.25,,0.0,52300,0,2025-04-16,0.25,510500.SH
4.8444858,96889.716,510500.SH→510300.SH,2025-05-13,148.43312025,510500.SH,0.25,gate_open;momentum_switch;risk_tier_0.25,1.93157,101021.111,20000,52300,2025-05-12,0.25,510300.SH
2.0002112,97810.32767999999,510300.SH→510500.SH,2025-07-09,148.34694575999998,510300.SH,0.25,gate_open;momentum_switch;risk_tier_0.25,4.999280000000001,99985.6,48900,20000,2025-07-08,0.25,510500.SH
2.551,100509.40000000001,510500.SH→159915.SZ,2025-08-20,157.03389102,510500.SH,0.25,gate_open;momentum_switch;risk_tier_0.25,2.2263624,108869.12136,39400,48900,2025-08-19,0.25,159915.SZ
