code,signal_date,buy_date,buy,sell_date,sell,pnl_pct,exit_reason,platform,signal_type,still_open,trimmed,trim_date,trim_price,hold_days
000157,2021-02-23,2021-02-24,11.04,2021-03-08,10.62,-3.954347826086951,E1,10.82,entry_A,False,False,,,12
600779,2021-05-20,2021-05-21,108.56,2021-07-29,109.86,5.1926676492262285,E3(含T1减半),97.52,entry_A,False,True,2021-05-26,118.86,69
603486,2021-05-20,2021-05-21,159.11,2021-07-26,173.96,21.448265351015014,E3(含T1减半),153.64,entry_A,False,True,2021-06-24,212.99,66
000301,2021-05-21,2021-05-24,17.1,2021-06-22,15.11,-11.787426900584803,E1,15.9,entry_A,False,False,,,29
603260,2021-05-21,2021-05-24,56.72,2021-09-29,184.29,131.04710860366714,E3(含T1减半),54.98,entry_A,False,True,2021-07-13,77.98,128
000963,2021-05-24,2021-05-25,45.37,2021-06-17,38.65,-14.96154948203659,E1,43.61,entry_A,False,False,,,23
600733,2021-05-26,2021-05-27,16.8,2021-06-30,13.68,-18.72142857142857,E1,15.14,entry_A,False,False,,,34
002709,2021-05-27,2021-05-28,40.02,2021-07-20,44.55,8.48318340829583,E3(含T1减半),34.33,entry_A,False,True,2021-06-03,42.4,53
601919,2021-05-27,2021-05-28,9.07,2021-07-26,10.53,7.016482910694593,E3(含T1减半),8.26,entry_A,False,True,2021-06-01,8.91,59
601127,2021-06-01,2021-06-02,59.84,2021-06-04,54.7,-3.960160427807485,E1(含T1减半),59.94,entry_A,False,True,2021-06-03,60.42,2
603737,2021-06-03,2021-06-04,69.29,2021-08-09,61.48,-11.421467744263254,E3,62.14,entry_A,False,False,,,66
002230,2021-06-04,2021-06-07,58.69,2021-07-28,56.98,-3.063613903561085,E1,56.31,entry_A,False,False,,,51
002812,2021-06-09,2021-06-10,163.3,2021-08-18,227.29,36.987170851194115,E3(含T1减半),157.79,entry_A,False,True,2021-06-30,220.6,69
601127,2021-06-09,2021-06-10,58.89,2021-07-05,60.69,1.2254457463066695,E3(含T1减半),59.94,entry_A,False,True,2021-06-11,58.71,25
002648,2021-06-10,2021-06-11,16.34,2021-09-30,17.66,7.928335373317013,E3,15.92,entry_A,False,False,,,111
603659,2021-06-10,2021-06-11,39.71,2021-07-20,47.55,9.117187106522278,E3(含T1减半),36.59,entry_A,False,True,2021-06-15,39.23,39
600188,2021-06-16,2021-06-17,5.17,2021-06-30,5.17,-0.15,E1,5.21,entry_A,False,False,,,13
600132,2021-06-17,2021-06-18,155.42,2021-07-27,140.05,-10.039332132286688,E1,147.94,entry_A,False,False,,,39
600436,2021-06-17,2021-06-18,393.56,2021-07-27,361.63,-8.263121252159772,E1,378.1,entry_A,False,False,,,39
601898,2021-06-17,2021-06-18,6.31,2021-06-29,6.12,-3.161093502377171,E1,6.35,entry_A,False,False,,,11
688169,2021-06-17,2021-06-18,349.34,2021-06-24,314.41,-10.148854983683503,E1,354.65,entry_A,False,False,,,6
300782,2021-06-23,2021-06-24,304.79,2021-07-12,303.56,-0.5535565471308123,E1,296.31,entry_A,False,False,,,18
688005,2021-06-23,2021-06-24,75.82,2021-07-27,83.2,6.055486678976536,E3(含T1减半),71.22,entry_A,False,True,2021-07-02,77.85,33
002371,2021-06-25,2021-06-28,195.37,2021-08-16,247.63,13.854197164354815,E3(含T1减半),174.82,entry_A,False,True,2021-06-29,197.83,49
300595,2021-06-25,2021-06-28,101.38,2021-07-05,94.83,-6.610840402446245,E1,101.74,entry_A,False,False,,,7
600884,2021-10-22,2021-10-25,37.49,2021-11-17,33.25,-11.459682582021875,E3,34.39,entry_A,False,False,,,23
000301,2021-10-25,2021-10-26,28.28,2021-11-02,24.92,-12.031188118811881,E1,26.93,entry_A,False,False,,,7
300316,2021-10-25,2021-10-26,70.82,2021-11-17,70.44,-0.686571589946333,E1,68.25,entry_A,False,False,,,22
603659,2021-10-25,2021-10-26,61.2,2021-11-26,56.38,-8.025816993464058,E1,58.64,entry_A,False,False,,,31
300274,2021-10-27,2021-10-28,121.31,2021-11-04,107.97,-11.146620229164956,E1,115.33,entry_A,False,False,,,7
000776,2021-12-08,2021-12-09,23.16,2021-12-23,21.35,-7.965198618307418,E1,22.43,entry_A,False,False,,,14
002180,2021-12-08,2021-12-09,45.85,2022-03-08,43.27,-5.777044711014174,E1,41.42,entry_A,False,False,,,89
002756,2021-12-08,2021-12-09,88.14,2021-12-27,74.68,-15.42115951894712,E1,79.47,entry_A,False,False,,,18
600406,2021-12-08,2021-12-09,26.95,2022-01-05,24.26,-10.131447124304255,E1,25.69,entry_A,False,False,,,27
600522,2021-12-08,2021-12-09,15.47,2021-12-27,15.12,0.9165804783451693,E1(含T1减半),15.57,entry_A,False,True,2021-12-13,16.15,18
600039,2021-12-10,2021-12-13,6.88,2022-01-12,6.29,-8.725581395348831,E1,6.62,entry_A,False,False,,,30
603198,2021-12-14,2021-12-15,65.29,2022-01-06,56.74,-13.245420431919136,E1,60.23,entry_A,False,False,,,22
002459,2021-12-15,2021-12-16,44.3,2021-12-21,40.63,-8.43442437923249,E1,44.67,entry_A,False,False,,,5
300207,2021-12-15,2021-12-16,44.76,2021-12-21,41.75,-6.874754244861475,E1,44.47,entry_A,False,False,,,5
600011,2021-12-16,2021-12-17,8.3,2022-01-10,6.96,-4.788554216867485,E1(含T1减半),7.57,entry_A,False,True,2021-12-27,8.87,24
688599,2021-12-16,2021-12-17,80.08,2021-12-21,70.12,-12.587562437562433,E1,74.7,entry_A,False,False,,,4
000408,2021-12-21,2021-12-22,27.97,2022-01-12,29.02,3.604022166607074,E1,27.89,entry_A,False,False,,,21
600563,2021-12-22,2021-12-23,212.15,2022-01-05,190.28,-10.458743813339616,E1,212.96,entry_A,False,False,,,13
688065,2021-12-22,2021-12-23,125.4,2022-01-14,111.21,-11.465789473684223,E1,121.23,entry_A,False,False,,,22
688599,2021-12-23,2021-12-24,74.98,2021-12-28,70.12,-6.6317284609229095,E1,74.7,entry_A,False,False,,,4
002459,2021-12-27,2021-12-28,44.55,2022-01-06,42.28,-5.245398428731757,E1,44.67,entry_A,False,False,,,9
600522,2021-12-28,2021-12-29,15.75,2022-01-10,14.58,-7.578571428571429,E1,15.57,entry_A,False,False,,,12
000723,2021-12-30,2021-12-31,16.69,2022-01-19,14.75,-11.773726782504495,E1,15.65,entry_A,False,False,,,19
601225,2022-06-06,2022-06-07,13.51,2022-10-27,15.52,14.727868245743887,E3,13.09,entry_A,False,False,,,142
601838,2022-06-06,2022-06-07,12.91,2022-07-22,13.0,0.5471340046475482,E1,12.89,entry_A,False,False,,,45
600233,2022-06-09,2022-06-10,19.58,2022-06-23,17.56,-10.466649642492337,E1,18.65,entry_A,False,False,,,13
601009,2022-06-14,2022-06-15,8.87,2022-06-21,8.51,-4.208624577226599,E1,8.93,entry_A,False,False,,,6
000733,2022-06-16,2022-06-17,120.33,2022-07-14,119.08,-1.1888099393334959,E1,119.94,entry_A,False,False,,,27
002594,2022-06-16,2022-06-17,106.89,2022-07-04,107.51,0.43003555056600484,E1,106.02,entry_A,False,False,,,17
601898,2022-06-28,2022-06-29,8.73,2022-07-14,8.14,-6.908304696449025,E1,8.66,entry_A,False,False,,,15
600233,2022-06-30,2022-07-01,18.82,2022-07-12,17.71,-6.0479808714133885,E1,18.65,entry_A,False,False,,,11
002050,2022-07-04,2022-07-05,26.71,2022-07-26,26.62,-0.33719580681393346,E1(含T1减半),26.53,entry_A,False,True,2022-07-06,26.7,21
002594,2022-07-06,2022-07-07,109.35,2022-07-13,100.06,-8.645656149977127,E1,106.02,entry_A,False,False,,,6
002714,2022-07-08,2022-07-11,57.99,2022-07-22,55.19,-4.97841869287809,E1,58.18,entry_A,False,False,,,11
002459,2022-07-13,2022-07-14,52.15,2022-08-23,46.33,-11.3101150527325,E1,49.78,entry_A,False,False,,,40
605117,2022-07-14,2022-07-15,54.94,2022-10-28,65.18,13.99270112850383,E3(含T1减半),51.25,entry_A,False,True,2022-08-01,60.24,105
300498,2022-07-18,2022-07-19,22.37,2022-08-11,20.63,-7.928274474742963,E1,21.56,entry_A,False,False,,,23
002594,2022-07-22,2022-07-25,105.57,2022-08-11,100.88,-4.592549966846644,E1,106.02,entry_A,False,False,,,17
300763,2022-07-22,2022-07-25,232.91,2022-09-01,228.59,-0.847694388390363,E1(含T1减半),232.52,entry_A,False,True,2022-07-27,233.98,38
600522,2022-08-01,2022-08-02,21.6,2022-09-01,21.15,-2.233333333333348,E1,19.88,entry_A,False,False,,,30
601998,2022-12-06,2022-12-07,4.17,2023-05-25,5.32,27.427937649880104,E3,4.14,entry_A,False,False,,,169
600600,2022-12-08,2022-12-09,101.07,2022-12-21,97.12,-4.05818244780844,E1,101.31,entry_A,False,False,,,12
601319,2022-12-08,2022-12-09,5.0,2022-12-20,4.74,-5.349999999999994,E1,5.0,entry_A,False,False,,,11
601628,2022-12-08,2022-12-09,34.26,2023-01-20,34.43,0.34620548744893076,E1,34.4,entry_A,False,False,,,42
002603,2022-12-12,2022-12-13,47.59,2022-12-15,41.5,-12.946806051691533,E1,44.97,entry_A,False,False,,,2
600050,2022-12-16,2022-12-19,4.31,2023-01-03,4.06,-5.950464037122966,E1,4.29,entry_A,False,False,,,15
601021,2022-12-21,2022-12-22,62.97,2023-03-24,54.55,-13.52144672066064,E1,58.13,entry_A,False,False,,,92
600600,2022-12-23,2022-12-26,99.83,2023-01-13,96.89,-3.095006511068815,E1,101.31,entry_A,False,False,,,18
601728,2023-01-04,2023-01-05,3.84,2023-05-18,5.15,42.818750000000016,E3(含T1减半),3.84,entry_A,False,True,2023-03-13,5.83,133
600050,2023-01-10,2023-01-11,4.5,2023-02-09,4.38,-2.8166666666666726,E1,4.29,entry_A,False,False,,,29
603369,2023-01-13,2023-01-16,53.26,2023-03-20,52.63,-1.332876455125792,E1,51.16,entry_A,False,False,,,63
600009,2023-01-18,2023-01-19,61.29,2023-02-24,57.06,-7.051615271659323,E1,60.35,entry_A,False,False,,,36
600845,2023-02-03,2023-02-06,32.38,2023-09-06,36.49,12.543020382952436,E2,31.36,entry_A,False,False,,,212
601699,2023-02-03,2023-02-06,15.29,2023-03-17,14.95,-2.373675604970565,E1,14.97,entry_A,False,False,,,39
600309,2023-02-09,2023-02-10,90.44,2023-03-17,91.24,0.734564352056616,E1,90.85,entry_A,False,False,,,35
000063,2023-02-24,2023-02-27,28.24,2023-05-15,29.06,2.753682719546752,E3,28.51,entry_A,False,False,,,77
000425,2023-02-24,2023-02-27,6.35,2023-05-05,5.77,-9.283858267716534,E1,6.13,entry_A,False,False,,,67
605499,2023-02-24,2023-02-27,112.81,2023-03-21,104.77,-7.2770277457672226,E1,111.38,entry_A,False,False,,,22
000568,2023-02-27,2023-02-28,223.1,2023-03-13,210.76,-5.681151949798297,E1,222.92,entry_A,False,False,,,13
601601,2023-03-02,2023-03-03,26.1,2023-03-13,23.64,-9.575287356321843,E1,25.03,entry_A,False,False,,,10
688111,2023-03-02,2023-03-03,301.2,2023-03-08,279.84,-7.241633466135461,E1,301.71,entry_A,False,False,,,5
688256,2023-03-02,2023-03-03,64.37,2023-05-08,136.13,92.58729998446478,E3(含T1减半),58.68,entry_A,False,True,2023-03-24,112.0,66
000938,2023-03-06,2023-03-07,25.68,2023-04-28,27.7,20.02133956386295,E3(含T1减半),25.14,entry_A,False,True,2023-04-07,34.02,52
600050,2023-03-08,2023-03-09,5.35,2023-03-17,5.32,-0.7107476635513864,E1,5.39,entry_A,False,False,,,8
601360,2023-03-08,2023-03-09,10.98,2023-04-12,14.81,28.128688524590157,E3(含T1减半),10.74,entry_A,False,True,2023-03-21,13.36,34
600039,2023-03-09,2023-03-10,7.83,2023-08-18,8.25,5.213984674329502,E2,7.57,entry_A,False,False,,,161
002230,2023-04-07,2023-04-10,64.26,2023-04-11,58.64,-8.895720510426402,E1,63.29,entry_A,False,False,,,1
300442,2023-04-07,2023-04-10,37.24,2023-04-18,34.84,-6.5946831364124545,E1,37.07,entry_A,False,False,,,8
600028,2023-04-10,2023-04-11,4.94,2023-10-11,5.3,7.13744939271253,E2,4.67,entry_A,False,False,,,183
601800,2023-04-10,2023-04-11,10.49,2023-05-15,10.14,-3.486510962821726,E1,9.99,entry_A,False,False,,,34
601899,2023-04-10,2023-04-11,12.03,2023-05-12,10.56,-12.369451371571067,E1,11.57,entry_A,False,False,,,31
600584,2023-04-11,2023-04-12,34.99,2023-04-24,31.96,-8.809617033438128,E1,34.43,entry_A,False,False,,,12
603019,2023-04-11,2023-04-12,40.75,2023-04-28,47.03,20.254907975460128,E3(含T1减半),38.7,entry_A,False,True,2023-04-24,51.1,16
688008,2023-04-11,2023-04-12,73.23,2023-04-25,67.84,-7.510371432473034,E1,71.66,entry_A,False,False,,,13
688111,2023-04-11,2023-04-12,423.31,2023-04-28,401.87,-5.214846093879194,E1,395.16,entry_A,False,False,,,16
002415,2023-04-12,2023-04-13,41.13,2023-04-21,37.24,-9.607816678823239,E1,40.3,entry_A,False,False,,,8
300433,2023-04-12,2023-04-13,12.94,2023-04-19,12.34,-4.786785162287483,E1,13.05,entry_A,False,False,,,6
601138,2023-04-12,2023-04-13,16.9,2023-04-28,14.94,-6.9547337278106465,E1(含T1减半),15.73,entry_A,False,True,2023-04-18,16.56,15
688981,2023-04-12,2023-04-13,58.7,2023-04-27,57.3,-2.5350085178875768,E1,56.66,entry_A,False,False,,,14
601601,2023-04-13,2023-04-14,25.2,2023-05-26,25.81,2.270634920634912,E3,25.03,entry_A,False,False,,,42
300033,2023-04-14,2023-04-17,132.31,2023-04-25,129.24,-0.9322537978988686,E1(含T1减半),131.44,entry_A,False,True,2023-04-19,133.31,8
600941,2023-04-17,2023-04-18,88.22,2023-05-17,79.89,-9.59230333257764,E1,85.24,entry_A,False,False,,,29
002236,2023-04-18,2023-04-19,21.82,2023-04-27,18.99,-5.764115490375804,E3(含T1减半),20.06,entry_A,False,True,2023-04-20,22.2,8
000977,2023-04-20,2023-04-21,41.49,2023-05-04,40.21,-3.2350807423475567,E1,42.73,entry_A,False,False,,,13
002602,2023-04-20,2023-04-21,6.7,2023-05-08,5.94,-11.493283582089548,E1,6.5,entry_A,False,False,,,17
600958,2023-04-20,2023-04-21,10.5,2023-04-25,9.94,-5.483333333333334,E1,10.49,entry_A,False,False,,,4
000157,2023-08-03,2023-08-04,6.23,2023-08-21,5.69,-8.8177367576244,E1,6.06,entry_A,False,False,,,17
600674,2023-08-10,2023-08-11,14.28,2023-10-24,13.61,-4.8418767507002745,E2,14.26,entry_A,False,False,,,74
601336,2023-08-10,2023-08-11,41.01,2023-09-13,35.34,-13.975896122896842,E1,38.75,entry_A,False,False,,,33
601985,2023-08-10,2023-08-11,7.09,2023-11-20,6.79,-4.381311706629049,E2,7.06,entry_A,False,False,,,101
601688,2023-08-15,2023-08-16,16.1,2023-10-09,14.6,-9.466770186335411,E1,15.59,entry_A,False,False,,,54
000157,2024-02-20,2024-02-21,7.26,2024-05-30,7.18,-1.2519283746556473,E1,6.67,entry_A,False,False,,,99
000895,2024-02-20,2024-02-21,25.98,2024-03-28,22.56,-13.313972286374137,E1,25.64,entry_A,False,False,,,36
600015,2024-02-20,2024-02-21,5.46,2024-08-13,5.74,4.978205128205132,E2,5.2,entry_A,False,False,,,174
600025,2024-02-20,2024-02-21,8.8,2024-09-20,9.88,12.12272727272728,E2,8.46,entry_A,False,False,,,212
600660,2024-02-20,2024-02-21,37.44,2024-08-02,40.07,6.874572649572658,E2,36.07,entry_A,False,False,,,163
600795,2024-02-20,2024-02-21,4.32,2024-09-06,4.93,13.970370370370349,E2,4.09,entry_A,False,False,,,198
600886,2024-02-20,2024-02-21,14.0,2024-08-30,15.11,7.778571428571418,E2,13.23,entry_A,False,False,,,191
601169,2024-02-20,2024-02-21,4.63,2024-09-02,4.99,7.62537796976242,E2,4.59,entry_A,False,False,,,194
601225,2024-02-20,2024-02-21,21.78,2024-07-24,21.46,-1.6192378328741928,E2,19.55,entry_A,False,False,,,154
601288,2024-02-20,2024-02-21,3.63,2026-01-20,6.95,91.31005509641874,E2,3.52,entry_A,False,False,,,699
601328,2024-02-20,2024-02-21,5.59,2024-09-10,6.25,11.656797853309492,E2,5.35,entry_A,False,False,,,202
601398,2024-02-20,2024-02-21,4.67,2025-09-23,6.87,46.959207708779445,E2,4.63,entry_A,False,False,,,580
601919,2024-02-20,2024-02-21,8.53,2024-07-15,11.32,48.85351699882768,E3(含T1减半),8.4,entry_A,False,True,2024-06-06,14.1,145
601939,2024-02-20,2024-02-21,6.29,2025-09-09,8.79,39.595627980922096,E2,6.23,entry_A,False,False,,,566
601988,2024-02-20,2024-02-21,4.04,2025-08-18,5.34,32.028217821782185,E2,3.86,entry_A,False,False,,,544
001965,2024-02-22,2024-02-23,10.07,2024-11-01,11.23,11.369364448857993,E2,9.76,entry_A,False,False,,,252
003816,2024-02-22,2024-02-23,3.8,2024-09-09,4.09,7.481578947368411,E2,3.51,entry_A,False,False,,,199
600160,2024-02-22,2024-02-23,19.03,2024-07-17,21.02,10.307172884918542,E2,18.31,entry_A,False,False,,,145
601825,2024-02-22,2024-02-23,5.52,2024-08-06,5.87,6.190579710144944,E2,5.44,entry_A,False,False,,,165
601898,2024-02-22,2024-02-23,12.03,2024-03-22,10.38,-13.86571072319201,E1,11.07,entry_A,False,False,,,28
601985,2024-02-22,2024-02-23,8.46,2024-09-12,9.44,11.43392434988178,E2,7.99,entry_A,False,False,,,202
000039,2024-02-23,2024-02-26,8.58,2024-03-13,8.39,-2.3644522144522115,E1,8.49,entry_A,False,False,,,16
600377,2024-02-27,2024-02-28,11.01,2025-07-16,14.56,32.09341507720254,E2,10.78,entry_A,False,False,,,504
601699,2024-02-27,2024-02-28,22.82,2024-03-13,21.64,-5.320902716914983,E1,22.28,entry_A,False,False,,,14
601857,2024-02-27,2024-02-28,7.71,2024-07-26,8.18,5.945979247730221,E2,7.12,entry_A,False,False,,,149
002463,2024-02-29,2024-03-01,25.47,2024-07-26,32.56,27.68667059285435,E3,24.99,entry_A,False,False,,,147
600938,2024-02-29,2024-03-01,22.93,2024-07-31,25.93,12.933296990841697,E3,20.96,entry_A,False,False,,,152
600188,2024-03-01,2024-03-04,17.44,2024-03-19,15.71,-10.069724770642202,E1,16.86,entry_A,False,False,,,15
000983,2024-03-04,2024-03-05,10.52,2024-03-13,9.55,-9.370532319391629,E1,10.45,entry_A,False,False,,,8
000100,2024-03-08,2024-03-11,4.5,2024-05-29,4.08,-9.483333333333327,E2,4.31,entry_A,False,False,,,79
601088,2024-03-14,2024-03-15,32.69,2024-08-07,35.24,7.650550627103097,E2,29.35,entry_A,False,False,,,145
000039,2024-03-18,2024-03-19,8.69,2024-07-04,8.39,-3.6022439585730646,E1,8.74,entry_A,False,False,,,107
000630,2024-03-25,2024-03-26,3.55,2024-06-06,3.56,0.13169014084507005,E1,3.54,entry_A,False,False,,,72
601077,2024-03-29,2024-04-01,3.98,2025-08-19,6.18,55.12638190954774,E2,4.01,entry_A,False,False,,,505
603993,2024-04-02,2024-04-03,7.9,2024-05-23,7.52,-1.036075949367099,E1(含T1减半),7.27,entry_A,False,True,2024-04-09,8.14,50
000338,2024-04-10,2024-04-11,15.95,2024-05-24,14.73,-7.798902821316606,E1,15.65,entry_A,False,False,,,43
002648,2024-04-10,2024-04-11,17.69,2024-05-24,17.61,-0.6022328999434833,E1,17.68,entry_A,False,False,,,43
600066,2024-04-10,2024-04-11,17.87,2024-07-18,19.68,10.230526021264678,E3(含T1减半),17.41,entry_A,False,True,2024-04-17,19.77,98
600188,2024-04-11,2024-04-12,16.71,2024-04-24,15.86,-5.2367743865948615,E1,16.86,entry_A,False,False,,,12
600362,2024-04-12,2024-04-15,23.63,2024-04-24,23.09,-2.4352306390181986,E1,23.65,entry_A,False,False,,,9
601808,2024-04-17,2024-04-18,18.37,2024-04-30,16.9,-8.152177463255322,E1,18.32,entry_A,False,False,,,12
601898,2024-04-17,2024-04-18,11.32,2024-04-24,10.39,-8.365547703180203,E1,11.07,entry_A,False,False,,,6
688187,2024-04-17,2024-04-18,49.75,2024-04-30,45.62,-8.451507537688446,E1,49.14,entry_A,False,False,,,12
300979,2024-04-19,2024-04-22,59.92,2024-06-26,59.39,-1.034512683578109,E1,58.6,entry_A,False,False,,,65
002028,2024-04-24,2024-04-25,64.18,2024-07-02,63.39,-1.3809130570271164,E1,61.26,entry_A,False,False,,,68
601298,2024-04-24,2024-04-25,7.69,2024-09-12,7.58,-1.5804291287386305,E1,7.56,entry_A,False,False,,,140
600362,2024-04-25,2024-04-26,24.03,2024-05-24,23.63,-1.8145859342488633,E1,23.65,entry_A,False,False,,,28
688169,2024-05-08,2024-05-09,221.58,2024-06-12,201.37,-9.27085928332882,E1,212.21,entry_A,False,False,,,34
000333,2024-05-09,2024-05-10,62.46,2024-07-03,56.94,-8.987656099903946,E1,60.55,entry_A,False,False,,,54
000786,2024-05-09,2024-05-10,30.39,2024-07-04,26.77,-12.061813096413294,E1,28.66,entry_A,False,False,,,55
600690,2024-05-09,2024-05-10,29.18,2024-06-28,26.16,-10.499554489376289,E1,27.99,entry_A,False,False,,,49
688506,2024-05-17,2024-05-20,187.12,2024-05-31,173.9,-7.214985036340321,E1,184.99,entry_A,False,False,,,11
601872,2024-05-20,2024-05-21,8.72,2024-06-12,7.96,-8.865596330275233,E1,8.46,entry_A,False,False,,,22
603993,2024-05-24,2024-05-27,7.66,2024-07-24,7.21,-6.024673629242821,E1,7.27,entry_A,False,False,,,58
002648,2024-05-27,2024-05-28,17.67,2024-06-28,16.75,-5.3565647990945155,E1,17.68,entry_A,False,False,,,31
600023,2024-06-03,2024-06-04,6.12,2024-08-06,6.06,-1.1303921568627526,E1,6.14,entry_A,False,False,,,63
601229,2024-06-04,2024-06-05,6.52,2024-06-18,6.14,-5.978220858895705,E1,6.52,entry_A,False,False,,,13
601600,2024-06-06,2024-06-07,7.57,2024-06-18,7.12,-6.094517833553498,E1,7.5,entry_A,False,False,,,11
688506,2024-06-06,2024-06-07,203.2,2024-07-04,175.01,-6.397539370078742,E1(含T1减半),184.99,entry_A,False,True,2024-06-12,206.0,27
601318,2024-10-14,2024-10-15,53.32,2024-11-25,49.03,-8.195761440360089,E1,51.96,entry_A,False,False,,,41
300433,2024-10-17,2024-10-18,20.55,2024-11-25,19.73,-4.140267639902678,E1,20.01,entry_A,False,False,,,38
002594,2024-10-21,2024-10-22,100.47,2024-11-04,97.5,-3.1061063003881726,E1,101.23,entry_A,False,False,,,13
002001,2024-10-22,2024-10-23,22.96,2024-11-25,20.2,-12.170905923344948,E1,21.66,entry_A,False,False,,,33
002475,2024-10-22,2024-10-23,45.37,2024-11-08,41.14,-9.47334141503195,E1,43.08,entry_A,False,False,,,16
300033,2024-10-22,2024-10-23,140.9,2024-11-19,185.52,14.12963094393187,E3(含T1减半),134.38,entry_A,False,True,2024-10-24,136.52,27
601319,2024-10-23,2024-10-24,7.08,2024-11-13,7.0,-1.2799435028248594,E1,7.21,entry_A,False,False,,,20
601601,2024-10-23,2024-10-24,38.0,2024-11-01,35.75,-6.071052631578949,E1,37.98,entry_A,False,False,,,8
601628,2024-10-23,2024-10-24,43.45,2024-11-21,43.26,-0.5872842347525996,E1,43.07,entry_A,False,False,,,28
688235,2024-10-23,2024-10-24,180.0,2024-11-01,167.37,-7.166666666666661,E1,180.46,entry_A,False,False,,,8
300502,2024-10-24,2024-10-25,74.5,2024-11-19,62.14,-16.740604026845634,E1,65.96,entry_A,False,False,,,25
688008,2024-10-24,2024-10-25,68.86,2024-11-18,68.28,-0.9922887017136227,E1,66.45,entry_A,False,False,,,24
688126,2024-10-24,2024-10-25,24.2,2024-11-25,21.41,-6.121074380165282,E1(含T1减半),22.78,entry_A,False,True,2024-10-28,24.1,31
688981,2024-10-24,2024-10-25,94.56,2024-11-04,84.63,-6.225507614213205,E1(含T1减半),90.14,entry_A,False,True,2024-10-28,93.0,10
002600,2024-10-25,2024-10-28,8.58,2024-11-19,7.97,-7.259557109557119,E1,8.43,entry_A,False,False,,,22
300408,2024-10-25,2024-10-28,36.48,2024-11-25,34.65,-5.166447368421052,E1,36.47,entry_A,False,False,,,28
605499,2024-10-25,2024-10-28,164.49,2025-02-11,165.6,0.5248130585445766,E3,164.57,entry_A,False,False,,,106
688256,2024-10-28,2024-10-29,289.03,2024-11-12,285.01,-1.5408590803722753,E1(含T1减半),288.16,entry_A,False,True,2024-10-30,285.01,14
002241,2024-10-29,2024-10-30,22.76,2024-11-27,22.54,-1.1166080843585333,E1,22.96,entry_A,False,False,,,28
300014,2024-10-31,2024-11-01,46.96,2024-11-27,45.87,-2.471124361158444,E1,47.92,entry_A,False,False,,,26
002736,2024-11-04,2024-11-05,11.05,2024-11-18,10.96,-0.9644796380090469,E1,10.98,entry_A,False,False,,,13
300059,2024-11-04,2024-11-05,24.81,2025-01-03,23.73,3.658948004836765,E1(含T1减半),24.17,entry_A,False,True,2024-11-14,27.78,59
300750,2024-11-04,2024-11-05,239.85,2025-01-08,235.45,-1.9844798832603758,E1,241.1,entry_A,False,False,,,64
600438,2024-11-04,2024-11-05,30.3,2024-11-18,26.4,-6.618646864686473,E1(含T1减半),29.31,entry_A,False,True,2024-11-12,30.28,13
601211,2024-11-04,2024-11-05,18.47,2024-11-25,18.35,-0.7997022198159064,E1,18.27,entry_A,False,False,,,20
688981,2024-11-05,2024-11-06,97.0,2024-11-27,84.65,-7.959278350515464,E1(含T1减半),90.14,entry_A,False,True,2024-11-07,94.2,21
600415,2024-11-06,2024-11-07,10.82,2024-11-18,10.81,-0.24242144177449285,E1,10.84,entry_A,False,False,,,11
688041,2024-11-06,2024-11-07,131.74,2024-11-13,127.19,-3.6037725823592046,E1,130.77,entry_A,False,False,,,6
000617,2024-11-07,2024-11-08,9.02,2024-11-18,7.79,-13.786363636363635,E1,8.23,entry_A,False,False,,,10
300866,2024-11-07,2024-11-08,83.73,2025-04-08,75.15,-10.39722321748477,E3,81.05,entry_A,False,False,,,151
600837,2024-11-07,2024-11-08,13.03,2024-11-18,11.69,-10.433960092095168,E1,12.57,entry_A,False,False,,,10
688235,2024-11-07,2024-11-08,181.0,2024-11-15,168.82,-6.879281767955808,E1,180.46,entry_A,False,False,,,7
601933,2024-11-12,2024-11-13,5.18,2024-11-15,4.6,-11.346911196911197,E1,5.08,entry_A,False,False,,,2
000938,2024-11-13,2024-11-14,28.56,2024-11-18,26.41,-7.6780112044817885,E1,28.06,entry_A,False,False,,,4
600958,2024-11-13,2024-11-14,10.95,2024-11-25,10.17,-7.27328767123287,E1,10.81,entry_A,False,False,,,11
600415,2024-11-19,2024-11-20,11.04,2025-02-19,11.59,11.217753623188415,E3(含T1减半),10.84,entry_A,False,True,2024-12-04,13.0,91
600584,2024-11-19,2024-11-20,41.73,2024-11-25,38.66,-7.506817637191471,E1,40.84,entry_A,False,False,,,5
601127,2024-11-19,2024-11-20,124.37,2025-01-06,122.74,0.47314062876898666,E1(含T1减半),122.63,entry_A,False,True,2024-11-22,127.55,47
688008,2024-11-19,2024-11-20,67.07,2024-11-27,62.61,-6.799768898166087,E1,66.45,entry_A,False,False,,,7
688256,2024-11-19,2024-11-20,305.79,2025-01-17,386.94,15.97054024003401,E3(含T1减半),288.16,entry_A,False,True,2024-11-27,323.23,58
688047,2024-11-20,2024-11-21,148.9,2024-12-17,144.9,-2.8363666890530546,E1,151.0,entry_A,False,False,,,26
300033,2024-11-21,2024-11-22,202.15,2025-01-02,194.92,-4.320170665347517,E1(含T1减半),189.79,entry_A,False,True,2024-11-26,192.52,41
688012,2024-11-21,2024-11-22,145.94,2024-11-26,137.5,-5.933198574756743,E1,145.37,entry_A,False,False,,,4
301269,2024-11-27,2024-11-28,125.84,2024-12-10,137.67,8.734297520661142,E1(含T1减半),124.32,entry_A,False,True,2024-12-04,136.37,12
601211,2024-11-27,2024-11-28,18.3,2025-01-03,17.15,-6.434153005464488,E1,18.27,entry_A,False,False,,,36
000564,2024-11-28,2024-11-29,3.09,2024-12-25,3.25,9.073300970873794,E3(含T1减半),3.01,entry_A,False,True,2024-12-04,3.5,26
002600,2024-11-29,2024-12-02,8.87,2025-01-02,7.93,-10.74751972942502,E1,8.43,entry_A,False,False,,,31
300014,2024-11-29,2024-12-02,47.37,2024-12-24,45.19,-4.75206881992823,E1,47.92,entry_A,False,False,,,22
688008,2024-11-29,2024-12-02,68.2,2025-01-02,67.4,-1.3230205278592364,E1,66.45,entry_A,False,False,,,31
688012,2024-11-29,2024-12-02,148.33,2024-12-12,136.57,-8.078268050967447,E1,145.37,entry_A,False,False,,,10
688235,2024-11-29,2024-12-02,184.56,2024-12-06,171.0,-7.497204161248378,E1,180.46,entry_A,False,False,,,4
688981,2024-11-29,2024-12-02,89.9,2024-12-16,82.3,-8.603837597330372,E1,90.14,entry_A,False,False,,,14
002241,2024-12-02,2024-12-03,25.5,2024-12-18,25.5,-0.15,E1,25.45,entry_A,False,False,,,15
601933,2024-12-02,2024-12-03,6.05,2024-12-20,6.31,-0.9764462809917275,E3(含T1减半),5.08,entry_A,False,True,2024-12-06,5.69,17
600104,2024-12-05,2024-12-06,18.11,2024-12-13,17.21,-5.119630038652673,E1,18.26,entry_A,False,False,,,7
300408,2024-12-11,2024-12-12,37.39,2025-04-08,35.47,-5.285062851029693,E1,36.47,entry_A,False,False,,,117
300433,2024-12-11,2024-12-12,22.07,2025-04-07,19.04,-13.879043951064801,E2,20.01,entry_A,False,False,,,116
301269,2024-12-12,2024-12-13,127.02,2025-01-03,111.07,-12.70707762557078,E1,124.32,entry_A,False,False,,,21
600958,2024-12-12,2024-12-13,10.8,2024-12-24,10.28,-4.964814814814828,E1,10.81,entry_A,False,False,,,11
601319,2024-12-17,2024-12-18,7.24,2025-01-06,6.77,-6.641712707182329,E1,7.21,entry_A,False,False,,,19
600104,2024-12-18,2024-12-19,18.57,2025-01-06,17.81,-4.242622509423816,E1,18.26,entry_A,False,False,,,18
603019,2024-12-18,2024-12-19,70.34,2025-01-03,66.79,-5.196914984361673,E1,65.87,entry_A,False,False,,,15
002625,2024-12-20,2024-12-23,44.24,2025-03-26,38.26,-2.726853526220619,E3(含T1减半),36.81,entry_B,False,True,2024-12-31,47.94,93
601336,2024-12-25,2024-12-26,48.88,2025-01-03,45.42,-7.228559738134205,E1,49.44,entry_A,False,False,,,8
000807,2025-02-14,2025-02-17,15.97,2025-04-08,14.32,-10.481872260488418,E1,15.74,entry_A,False,False,,,50
300442,2025-02-14,2025-02-17,59.31,2025-03-26,55.45,3.6014752992749974,E1(含T1减半),56.64,entry_A,False,True,2025-02-25,67.62,37
000063,2025-02-17,2025-02-18,39.54,2025-03-04,35.2,-11.12622660596863,E1,37.36,entry_A,False,False,,,14
300476,2025-02-17,2025-02-18,55.39,2025-04-07,63.59,20.675058674851062,E3(含T1减半),51.13,entry_A,False,True,2025-03-12,70.26,48
600183,2025-02-17,2025-02-18,31.47,2025-03-04,25.93,-17.754067365745158,E3,28.27,entry_A,False,False,,,14
000977,2025-02-19,2025-02-20,63.82,2025-03-03,59.17,-7.436117204638043,E1,63.09,entry_A,False,False,,,11
002230,2025-02-19,2025-02-20,54.39,2025-02-28,53.87,-1.1060580989152466,E1,54.48,entry_A,False,False,,,8
002594,2025-02-19,2025-02-20,119.73,2025-04-08,105.99,-11.62582059634178,E3,108.75,entry_A,False,False,,,47
603296,2025-02-19,2025-02-20,62.75,2025-03-03,61.01,-2.922908366533866,E1,62.46,entry_A,False,False,,,11
603259,2025-02-26,2025-02-27,61.22,2025-03-03,59.0,-3.7762659261679152,E1,61.81,entry_A,False,False,,,4
603501,2025-02-26,2025-02-27,147.08,2025-03-24,135.14,-8.268031003535508,E1,142.7,entry_A,False,False,,,25
002050,2025-03-03,2025-03-04,29.76,2025-04-08,24.27,-18.597580645161297,E1,28.89,entry_A,False,False,,,35
601100,2025-03-03,2025-03-04,78.66,2025-04-01,79.58,4.839829646580224,E1(含T1减半),77.86,entry_A,False,True,2025-03-07,85.59,28
601689,2025-03-04,2025-03-05,60.91,2025-03-14,56.59,-7.242431456246907,E1,61.09,entry_A,False,False,,,9
688235,2025-03-05,2025-03-06,235.58,2025-03-13,217.5,-7.824675269547504,E1,228.29,entry_A,False,False,,,7
600588,2025-03-06,2025-03-07,19.44,2025-03-21,16.2,-16.816666666666674,E1,17.4,entry_A,False,False,,,14
688041,2025-03-10,2025-03-11,158.58,2025-03-24,145.51,-8.39189683440536,E1,158.86,entry_A,False,False,,,13
688256,2025-03-10,2025-03-11,506.31,2025-03-24,455.34,-10.216955027552293,E1,489.52,entry_A,False,False,,,13
688521,2025-03-11,2025-03-12,92.44,2025-03-14,85.48,-7.6792081350064825,E1,89.74,entry_A,False,False,,,2
600183,2025-03-12,2025-03-13,28.46,2025-03-20,27.05,-5.104321855235423,E1,28.27,entry_A,False,False,,,7
688521,2025-03-17,2025-03-18,91.83,2025-04-08,88.46,0.8082924970053308,E1(含T1减半),89.74,entry_A,False,True,2025-04-03,96.96,21
688235,2025-03-20,2025-03-21,226.03,2025-04-08,206.0,-9.01165553245144,E1,228.29,entry_A,False,False,,,18
000408,2025-03-27,2025-03-28,34.78,2025-04-08,31.35,-10.011989649223692,E1,33.77,entry_A,False,False,,,11
002602,2025-05-14,2025-05-15,8.08,2025-10-21,17.43,73.17920792079207,E3(含T1减半),7.4,entry_A,False,True,2025-06-23,10.58,159
600160,2025-05-14,2025-05-15,26.4,2025-07-11,26.44,0.0015151515151691497,E1,25.72,entry_A,False,False,,,57
688506,2025-05-15,2025-05-16,266.34,2025-12-26,333.47,25.054625666441417,E2,240.0,entry_A,False,False,,,224
002294,2025-05-16,2025-05-19,38.36,2025-07-09,44.07,22.099739311783114,E3(含T1减半),36.78,entry_A,False,True,2025-06-11,49.72,51
600415,2025-05-16,2025-05-19,15.85,2025-09-24,17.46,10.007728706624613,E3,14.3,entry_A,False,False,,,128
002311,2025-05-19,2025-05-20,54.4,2025-07-15,53.94,-0.9955882352941147,E1,52.87,entry_A,False,False,,,56
601166,2025-05-21,2025-05-22,20.5,2025-09-04,20.51,-0.1012195121951219,E2,20.37,entry_A,False,False,,,105
601229,2025-05-21,2025-05-22,10.3,2025-08-18,9.45,-8.402427184466038,E2,9.87,entry_A,False,False,,,88
688235,2025-05-21,2025-05-22,245.99,2025-05-28,223.31,-9.369886987275905,E1,238.84,entry_A,False,False,,,6
000408,2025-05-22,2025-05-23,35.52,2026-03-20,72.63,127.32747747747743,E3(含T1减半),33.77,entry_A,False,True,2026-01-08,88.97,301
601998,2025-05-27,2025-05-28,7.16,2025-09-17,7.28,1.5259776536312777,E2,7.15,entry_A,False,False,,,112
000963,2025-05-28,2025-05-29,40.77,2025-06-18,40.69,-0.34622271277901506,E1,40.58,entry_A,False,False,,,20
601899,2025-06-17,2025-06-18,18.44,2025-07-11,18.47,0.012689804772231389,E1,18.39,entry_A,False,False,,,23
601825,2025-06-18,2025-06-19,9.24,2025-07-30,8.68,-6.210606060606066,E1,9.19,entry_A,False,False,,,41
600016,2025-06-23,2025-06-24,4.52,2025-08-18,4.5,-0.5924778761061843,E1,4.32,entry_A,False,False,,,55
002352,2025-06-30,2025-07-01,47.22,2025-09-01,43.56,-7.9009529860228636,E1,46.4,entry_A,False,False,,,62
601336,2025-07-01,2025-07-02,56.39,2026-03-23,67.37,19.321537506650117,E2,56.11,entry_A,False,False,,,264
601838,2025-07-01,2025-07-02,19.45,2025-09-19,17.43,-10.535604113110535,E1,18.7,entry_A,False,False,,,79
605499,2025-07-04,2025-07-07,233.01,2025-10-15,220.59,-5.480243337195828,E2,220.52,entry_A,False,False,,,100
002080,2025-07-14,2025-07-15,23.9,2025-09-05,30.91,15.477615062761512,E3(含T1减半),22.76,entry_A,False,True,2025-07-17,24.36,52
002294,2025-07-14,2025-07-15,44.93,2025-12-30,51.47,14.405975962608492,E2,41.57,entry_A,False,False,,,168
300803,2025-07-16,2025-07-17,83.54,2025-11-05,134.45,55.52392865693079,E3(含T1减半),82.93,entry_A,False,True,2025-08-21,125.65,111
000831,2025-07-17,2025-07-18,37.96,2025-09-24,48.78,41.90742887249736,E3(含T1减半),37.34,entry_A,False,True,2025-09-02,59.07,68
600276,2025-07-17,2025-07-18,57.97,2025-11-21,60.08,3.489813696739691,E2,56.96,entry_A,False,False,,,126
688008,2025-07-17,2025-07-18,85.82,2025-11-11,129.29,50.50252854812399,E3,83.77,entry_A,False,False,,,116
000426,2025-07-18,2025-07-21,17.82,2025-08-01,17.44,-2.2824354657687893,E1,17.66,entry_A,False,False,,,11
002074,2025-07-21,2025-07-22,30.9,2025-08-04,28.54,-7.787540453074432,E1,30.43,entry_A,False,False,,,13
601916,2025-07-23,2025-07-24,3.36,2025-08-28,3.12,-7.29285714285714,E1,3.32,entry_A,False,False,,,35
600183,2025-07-24,2025-07-25,38.01,2025-11-17,56.96,31.42063930544595,E3(含T1减半),36.99,entry_A,False,True,2025-08-20,43.06,115
600760,2025-07-24,2025-07-25,63.46,2025-08-13,59.28,-6.736826347305386,E1,63.24,entry_A,False,False,,,19
300450,2025-07-28,2025-07-29,26.31,2025-10-13,51.73,82.76524135309768,E3(含T1减半),26.26,entry_A,False,True,2025-09-04,44.52,76
000617,2025-07-29,2025-07-30,9.76,2025-07-31,8.86,-9.371311475409843,E1,9.54,entry_A,False,False,,,1
603993,2025-07-29,2025-07-30,9.22,2026-02-03,22.46,86.40097613882861,E3(含T1减半),8.76,entry_A,False,True,2025-08-27,11.94,188
600031,2025-07-30,2025-07-31,19.93,2025-12-02,20.11,0.7531610637230347,E2,19.86,entry_A,False,False,,,124
601899,2025-07-30,2025-07-31,19.08,2026-03-17,34.22,79.20010482180292,E3,18.75,entry_A,False,False,,,229
000963,2025-08-04,2025-08-05,42.92,2025-10-14,39.51,-8.095013979496752,E1,41.58,entry_A,False,False,,,70
002414,2025-08-04,2025-08-05,11.68,2025-09-04,11.3,-3.403424657534243,E1,11.47,entry_A,False,False,,,30
002653,2025-08-04,2025-08-05,53.72,2025-09-23,53.45,-0.6526061057334275,E1,52.75,entry_A,False,False,,,49
002736,2025-08-04,2025-08-05,12.85,2025-09-19,12.57,-2.328988326848241,E1,12.53,entry_A,False,False,,,45
000776,2025-08-05,2025-08-06,19.54,2026-02-04,21.3,8.857164790174005,E2,19.45,entry_A,False,False,,,182
600570,2025-08-05,2025-08-06,34.65,2025-09-04,34.57,-0.38088023088022605,E1,34.64,entry_A,False,False,,,29
000426,2025-08-06,2025-08-07,18.95,2025-10-22,28.5,44.09802110817944,E3(含T1减半),18.68,entry_A,False,True,2025-09-16,26.17,76
600160,2025-08-08,2025-08-11,28.21,2025-11-04,33.53,18.708560794044665,E3,28.21,entry_A,False,False,,,85
300394,2025-08-12,2025-08-13,76.66,2025-09-05,125.71,53.73729454735195,E3(含T1减半),72.31,entry_A,False,True,2025-08-28,110.23,23
601869,2025-08-12,2025-08-13,55.86,2025-10-10,98.24,68.47692445399211,E3(含T1减半),51.61,entry_A,False,True,2025-09-02,90.15,58
300866,2025-08-13,2025-08-14,136.42,2025-09-23,119.35,-12.662828031080481,E1,132.92,entry_A,False,False,,,40
600111,2025-08-14,2025-08-15,37.9,2025-09-24,45.82,18.18773087071241,E3(含T1减半),38.03,entry_A,False,True,2025-08-20,43.88,40
002074,2025-08-15,2025-08-18,30.5,2025-11-21,39.1,30.063114754098358,E3(含T1减半),30.43,entry_A,False,True,2025-09-03,40.33,95
002517,2025-08-19,2025-08-20,19.91,2025-10-17,23.42,26.69580612757409,E3(含T1减半),19.84,entry_A,False,True,2025-09-19,27.09,58
000630,2025-08-20,2025-08-21,4.1,2026-02-03,7.04,52.65487804878051,E3(含T1减半),3.98,entry_A,False,True,2025-10-13,5.49,166
002353,2025-08-20,2025-08-21,45.34,2025-09-05,45.06,-0.7675562417291558,E1,45.03,entry_A,False,False,,,15
600673,2025-08-22,2025-08-25,19.29,2025-10-20,21.0,7.600129600829447,E3(含T1减半),18.0,entry_A,False,True,2025-08-27,20.57,56
600895,2025-08-22,2025-08-25,35.39,2025-09-05,33.95,-4.218946029951959,E1,34.96,entry_A,False,False,,,11
600580,2025-08-28,2025-08-29,33.44,2025-10-14,46.77,19.19808612440193,E3(含T1减半),33.84,entry_A,False,True,2025-09-01,33.05,46
002714,2025-08-29,2025-09-01,53.69,2025-11-24,48.8,-9.257841311231147,E1,49.94,entry_A,False,False,,,84
600418,2025-09-05,2025-09-08,53.63,2025-09-23,52.0,-3.1893436509416393,E1,52.2,entry_A,False,False,,,15
002353,2025-09-08,2025-09-09,47.65,2026-03-17,100.97,98.53835257082895,E3(含T1减半),45.03,entry_A,False,True,2026-01-23,88.38,189
600570,2025-09-08,2025-09-09,34.9,2025-09-24,32.25,-7.743123209169051,E1,34.64,entry_A,False,False,,,15
603259,2025-09-08,2025-09-09,106.88,2025-11-05,90.69,-15.297829341317366,E1,98.09,entry_A,False,False,,,57
300502,2025-09-09,2025-09-10,242.55,2025-10-15,229.2,-2.4608637394351702,E1(含T1减半),219.95,entry_A,False,True,2025-09-15,244.69,35
600143,2025-09-11,2025-09-12,17.65,2025-09-29,19.13,9.821671388101988,E3(含T1减半),16.67,entry_A,False,True,2025-09-17,19.69,17
601991,2025-09-11,2025-09-12,3.64,2026-04-03,3.83,5.069780219780223,E3,3.43,entry_A,False,False,,,203
603799,2025-09-11,2025-09-12,51.54,2025-12-17,57.41,11.239212262320525,E3,50.32,entry_A,False,False,,,96
600895,2025-09-12,2025-09-15,36.26,2025-10-20,44.5,31.468863761720907,E3(含T1减半),34.96,entry_A,False,True,2025-09-26,50.95,35
600547,2025-09-15,2025-09-16,38.72,2025-10-21,38.7,-0.2016528925619708,E1,37.52,entry_A,False,False,,,35
002080,2025-09-16,2025-09-17,36.1,2025-10-14,32.2,-5.967174515235463,E1(含T1减半),35.09,entry_A,False,True,2025-09-18,35.8,27
002600,2025-09-16,2025-09-17,15.3,2025-09-22,14.38,-6.163071895424838,E1,14.88,entry_A,False,False,,,5
300274,2025-09-16,2025-09-17,139.22,2025-10-15,138.26,-0.7785016520614806,E1(含T1减半),133.82,entry_A,False,True,2025-09-18,138.43,28
603659,2025-09-16,2025-09-17,26.41,2025-10-15,26.33,0.2665088981446352,E1(含T1减半),26.21,entry_A,False,True,2025-09-22,26.71,28
688702,2025-09-16,2025-09-17,133.82,2025-10-13,110.45,-8.440987894186218,E1(含T1减半),130.0,entry_A,False,True,2025-09-19,135.0,26
002558,2025-09-17,2025-09-18,44.81,2025-10-13,39.31,-5.963434501227405,E1(含T1减半),43.51,entry_A,False,True,2025-09-19,45.1,25
300014,2025-09-17,2025-09-18,72.58,2025-11-24,72.03,-1.57601267566822,E1(含T1减半),66.46,entry_A,False,True,2025-09-22,71.06,67
688256,2025-09-17,2025-09-18,1011.27,2025-10-13,811.43,-14.009800053398207,E1(含T1减半),928.74,entry_A,False,True,2025-09-30,930.79,25
600021,2025-09-19,2025-09-22,19.5,2025-11-24,22.96,6.234615384615382,E3(含T1减半),18.09,entry_A,False,True,2025-09-26,18.53,63
301165,2025-09-22,2025-09-23,68.55,2025-10-13,57.99,-9.12884755652808,E1(含T1减半),66.58,entry_A,False,True,2025-09-26,66.8,20
688082,2025-09-22,2025-09-23,159.0,2025-11-17,166.99,9.280817610062892,E3(含T1减半),152.5,entry_A,False,True,2025-09-26,181.0,55
688331,2025-09-22,2025-09-23,104.0,2025-10-10,101.1,-1.130769230769235,E1(含T1减半),96.82,entry_A,False,True,2025-09-24,104.86,17
002709,2025-09-23,2025-09-24,30.97,2025-11-25,38.24,22.533241846948666,E3(含T1减半),30.63,entry_A,False,True,2025-10-10,37.75,62
600760,2025-09-24,2025-09-25,63.12,2025-10-23,62.54,-1.0688846641318137,E1,63.24,entry_A,False,False,,,28
300476,2025-09-29,2025-09-30,290.12,2025-10-15,252.37,-13.161857162553432,E1,268.76,entry_A,False,False,,,15
600143,2025-10-09,2025-10-10,21.91,2025-10-14,20.34,-7.315677772706525,E1,21.61,entry_A,False,False,,,4
002414,2025-10-13,2025-10-14,12.96,2025-11-10,13.0,0.15864197530864335,E1,12.67,entry_A,False,False,,,27
002600,2025-10-15,2025-10-16,15.43,2025-10-20,14.46,-6.4364549578742665,E1,14.88,entry_A,False,False,,,4
300394,2025-10-15,2025-10-16,106.63,2025-11-03,109.86,16.618264090781203,E3(含T1减半),106.67,entry_A,False,True,2025-10-29,139.16,18
300857,2025-10-15,2025-10-16,108.56,2025-11-13,108.29,5.740751658069271,E1(含T1减半),99.04,entry_A,False,True,2025-11-10,121.62,28
688521,2025-10-15,2025-10-16,174.47,2025-11-11,149.85,-14.261308534418532,E1,157.9,entry_A,False,False,,,26
300502,2025-10-16,2025-10-17,230.06,2025-11-11,242.54,8.406463531252712,E3(含T1减半),219.95,entry_A,False,True,2025-10-23,256.95,25
603659,2025-10-16,2025-10-17,26.79,2025-11-24,26.31,-1.9417133258678607,E1,26.21,entry_A,False,False,,,38
002600,2025-10-21,2025-10-22,14.8,2025-11-06,14.6,-1.5013513513513597,E1,14.88,entry_A,False,False,,,15
300476,2025-10-23,2025-10-24,293.11,2025-11-03,288.44,7.198776909692601,E1(含T1减半),268.76,entry_A,False,True,2025-10-29,340.86,10
301308,2025-10-23,2025-10-24,196.61,2025-11-20,273.96,36.83184222572604,E3(含T1减半),177.68,entry_A,False,True,2025-11-07,264.68,27
688347,2025-10-28,2025-10-29,132.11,2025-11-06,124.58,-6.542400272500198,E1(含T1减半),128.35,entry_A,False,True,2025-11-04,122.75,8
002475,2025-10-29,2025-10-30,66.89,2025-11-05,58.42,-12.81258035580804,E1,65.49,entry_A,False,False,,,6
300476,2025-11-05,2025-11-06,302.05,2025-11-24,257.94,-14.753542459857643,E1,268.76,entry_A,False,False,,,18
600362,2025-11-05,2025-11-06,38.77,2025-11-19,36.71,-5.4633866391539945,E1,38.62,entry_A,False,False,,,13
600549,2025-11-05,2025-11-06,35.38,2025-11-24,31.68,-10.60788581119277,E1,34.93,entry_A,False,False,,,18
603228,2025-11-05,2025-11-06,76.21,2025-11-11,70.74,-7.327535756462406,E1,74.98,entry_A,False,False,,,5
688183,2025-11-05,2025-11-06,109.34,2025-11-12,96.56,-7.667834278397662,E1(含T1减半),104.62,entry_A,False,True,2025-11-07,105.68,6
000559,2025-11-06,2025-11-07,13.93,2025-11-19,11.94,-14.43571428571429,E1,12.84,entry_A,False,False,,,12
002738,2025-11-06,2025-11-07,56.94,2026-02-06,77.12,29.003494906919563,E3(含T1减半),53.43,entry_A,False,True,2025-11-20,69.96,91
300394,2025-11-06,2025-11-07,108.39,2025-11-18,105.64,-2.6871344219946467,E1,106.67,entry_A,False,False,,,11
301200,2025-11-06,2025-11-07,121.15,2025-11-19,109.38,-9.865229054890639,E1,119.86,entry_A,False,False,,,12
688027,2025-11-06,2025-11-07,557.0,2025-11-17,476.72,-12.562926391382401,E1(含T1减半),511.0,entry_A,False,True,2025-11-13,499.0,10
300502,2025-11-12,2025-11-13,234.55,2026-02-09,271.06,15.415977403538689,E3,219.95,entry_A,False,False,,,88
000988,2025-11-13,2025-11-14,72.09,2026-03-27,103.01,42.74083090581218,E3,68.31,entry_A,False,False,,,133
688008,2025-11-13,2025-11-14,124.0,2026-03-04,147.0,18.3983870967742,E3,117.33,entry_A,False,False,,,110
688256,2025-11-13,2025-11-14,905.31,2025-11-18,875.77,-3.4129706951210035,E1,928.74,entry_A,False,False,,,4
002384,2025-12-29,2025-12-30,88.01,2026-01-13,78.43,-11.03512669014884,E1,82.61,entry_A,False,False,,,14
603268,2025-12-29,2025-12-30,88.2,2026-06-02,133.88,40.938435374149655,E3(含T1减半),85.01,entry_A,False,True,2026-03-04,115.0,154
002028,2025-12-30,2025-12-31,156.0,2026-05-18,188.02,31.273076923076932,E3(含T1减半),142.89,entry_A,False,True,2026-02-26,222.02,138
600549,2025-12-30,2025-12-31,40.44,2026-03-16,60.82,48.761968348170136,E3(含T1减半),39.01,entry_A,False,True,2026-01-28,59.62,75
688027,2025-12-30,2025-12-31,509.95,2026-03-24,598.0,17.116398666535943,E3,511.0,entry_A,False,False,,,83
301200,2026-01-05,2026-01-06,124.47,2026-03-04,142.3,14.174736884389821,E3,119.86,entry_A,False,False,,,57
301377,2026-01-05,2026-01-06,145.67,2026-03-24,169.76,5.029515342898332,E3(含T1减半),136.85,entry_A,False,True,2026-01-07,136.67,77
688361,2026-01-05,2026-01-06,165.0,2026-03-04,168.95,5.653030303030298,E3(含T1减半),154.0,entry_A,False,True,2026-01-09,180.2,57
002837,2026-01-07,2026-01-08,80.24,2026-01-14,75.15,-6.493469591226303,E1,79.73,entry_A,False,False,,,6
000657,2026-01-09,2026-01-12,33.01,2026-03-16,54.61,39.23200545289307,E3(含T1减半),29.64,entry_A,False,True,2026-01-19,37.41,63
002532,2026-01-13,2026-01-14,17.88,2026-02-03,17.63,1.7515659955257226,E1(含T1减半),17.85,entry_A,False,True,2026-01-30,18.81,20
002466,2026-01-15,2026-01-16,61.4,2026-02-02,53.04,-13.765635179153096,E1,59.5,entry_A,False,False,,,17
300857,2026-01-15,2026-01-16,140.69,2026-03-24,150.58,18.78524770772621,E3(含T1减半),134.42,entry_A,False,True,2026-03-03,184.08,67
603986,2026-01-15,2026-01-16,259.65,2026-03-27,248.62,5.5653860966686,E3(含T1减半),250.42,entry_A,False,True,2026-02-02,300.36,70
002080,2026-01-19,2026-01-20,39.51,2026-03-18,42.91,8.455416350291062,E3,37.94,entry_A,False,False,,,57
000559,2026-01-21,2026-01-22,19.84,2026-01-27,18.49,-4.409072580645162,E1(含T1减半),19.63,entry_A,False,True,2026-01-23,19.5,5
002050,2026-01-21,2026-01-22,58.1,2026-01-27,51.99,-10.666351118760758,E1,56.16,entry_A,False,False,,,5
301308,2026-01-21,2026-01-22,364.28,2026-02-03,310.39,-9.299555287141759,E1(含T1减半),325.57,entry_A,False,True,2026-01-23,351.51,12
000960,2026-01-23,2026-01-26,43.94,2026-02-03,35.65,-19.01663632225762,E1,39.63,entry_A,False,False,,,8
002202,2026-01-23,2026-01-26,29.79,2026-01-30,26.91,-7.467891910036923,E1(含T1减半),29.04,entry_A,False,True,2026-01-28,28.31,4
300058,2026-01-27,2026-01-28,21.98,2026-02-06,19.0,-8.06628753412193,E1(含T1减半),20.84,entry_A,False,True,2026-02-04,21.48,9
601179,2026-02-03,2026-02-04,15.65,2026-02-06,14.09,-6.252236421725238,E1(含T1减半),15.58,entry_A,False,True,2026-02-05,15.3,2
688702,2026-02-03,2026-02-04,142.58,2026-02-06,137.2,-3.9233202412680743,E1,145.7,entry_A,False,False,,,2
300308,2026-02-05,2026-02-06,547.46,2026-07-03,1116.0,83.899062945238,持有中(含T1减半),520.1,entry_A,True,True,2026-04-24,899.19,147
002837,2026-02-09,2026-02-10,80.02,2026-03-04,77.66,-3.0992626843289126,E1,79.73,entry_A,False,False,,,22
601179,2026-02-25,2026-02-26,15.74,2026-03-23,15.69,13.064739517153745,E3(含T1减半),15.58,entry_A,False,True,2026-03-11,19.95,25
300316,2026-02-26,2026-02-27,54.77,2026-03-04,49.34,-10.064186598502827,E1,54.92,entry_A,False,False,,,5
600089,2026-02-26,2026-02-27,30.25,2026-03-17,29.45,-2.7946280991735515,E1,30.5,entry_A,False,False,,,18
000559,2026-02-27,2026-03-02,19.05,2026-03-03,18.46,-3.2471128608923925,E1,19.63,entry_A,False,False,,,1
000807,2026-04-16,2026-04-17,35.34,2026-04-22,33.9,-4.224702886247894,E1,35.81,entry_A,False,False,,,5
301200,2026-04-16,2026-04-17,193.76,2026-07-03,343.0,60.58492981007432,持有中(含T1减半),175.69,entry_A,True,True,2026-05-26,279.88,77
601872,2026-04-17,2026-04-20,18.33,2026-04-29,17.15,-6.587534097108566,E1,17.86,entry_A,False,False,,,9
605117,2026-04-17,2026-04-20,101.75,2026-06-12,103.0,8.592014742014737,E1(含T1减半),99.43,entry_A,False,True,2026-05-25,118.29,53
002709,2026-04-20,2026-04-21,49.52,2026-05-27,52.66,6.190872374798056,E3,47.72,entry_A,False,False,,,36
600869,2026-04-21,2026-04-22,15.7,2026-07-03,29.6,55.86910828025479,E3(含T1减半),15.61,entry_A,False,True,2026-05-11,19.39,72
603256,2026-04-21,2026-04-22,106.56,2026-07-03,233.24,61.82447447447447,E3(含T1减半),97.96,entry_A,False,True,2026-04-23,111.96,72
002353,2026-04-22,2026-04-23,127.67,2026-07-03,161.46,26.31667188846246,持有中,116.73,entry_A,True,False,,,71
600875,2026-04-22,2026-04-23,43.98,2026-04-29,39.4,-10.56382446566621,E1,42.21,entry_A,False,False,,,6
688630,2026-04-22,2026-04-23,257.8,2026-07-03,480.32,53.19173778122575,持有中(含T1减半),239.34,entry_A,True,True,2026-05-26,310.31,71
300604,2026-04-24,2026-04-27,160.75,2026-06-09,207.22,19.905987558320366,E3(含T1减半),148.13,entry_A,False,True,2026-04-29,178.76,43
002281,2026-04-28,2026-04-29,132.53,2026-07-03,210.0,30.205391232173845,E3(含T1减半),123.97,entry_A,False,True,2026-04-30,135.52,65
300806,2026-04-28,2026-04-29,72.01,2026-06-02,72.94,3.9605402027496024,E3(含T1减半),68.38,entry_A,False,True,2026-05-06,77.0,34
300442,2026-04-29,2026-04-30,89.98,2026-05-27,87.81,-2.5616470326739247,E1,90.71,entry_A,False,False,,,27
001389,2026-05-06,2026-05-07,183.17,2026-07-03,203.0,3.404075449036426,持有中(含T1减半),168.38,entry_A,True,True,2026-05-19,176.36,57
002636,2026-05-07,2026-05-08,48.9,2026-05-18,42.59,-13.053885480572585,E1,45.96,entry_A,False,False,,,10
605376,2026-05-08,2026-05-11,135.34,2026-07-03,238.1,47.8882739766514,持有中(含T1减半),122.56,entry_A,True,True,2026-05-27,162.61,53
002812,2026-05-11,2026-05-12,81.5,2026-05-15,75.1,-8.002760736196329,E1,80.85,entry_A,False,False,,,3
000703,2026-05-12,2026-05-13,15.41,2026-05-22,14.01,-9.235009733938998,E1,14.77,entry_A,False,False,,,9
601872,2026-05-13,2026-05-14,17.71,2026-05-28,16.19,-8.732721626199885,E1,17.86,entry_A,False,False,,,14
600176,2026-05-18,2026-05-19,33.77,2026-06-09,37.07,9.621986970684022,E3,32.85,entry_A,False,False,,,21
600487,2026-05-18,2026-05-19,70.23,2026-07-03,93.0,20.026562722483263,E3(含T1减半),65.62,entry_A,False,True,2026-05-21,75.8,45
600673,2026-05-19,2026-05-20,37.68,2026-06-01,34.71,-8.032165605095537,E1,37.8,entry_A,False,False,,,12
600726,2026-05-19,2026-05-20,6.9,2026-05-21,6.31,-8.700724637681173,E1,7.02,entry_A,False,False,,,1
601208,2026-05-19,2026-05-20,47.6,2026-07-03,63.0,20.910924369747896,E3(含T1减半),45.16,entry_A,False,True,2026-05-26,52.25,44
688766,2026-05-19,2026-05-20,423.65,2026-06-02,378.0,-4.870878083323488,E1(含T1减半),398.73,entry_A,False,True,2026-05-21,429.3,13
002812,2026-05-20,2026-05-21,80.58,2026-05-22,75.69,-6.218503350707378,E1,80.85,entry_A,False,False,,,1
300757,2026-05-20,2026-05-21,566.48,2026-05-22,530.38,-6.522687473520689,E1,556.2,entry_A,False,False,,,1
300857,2026-05-20,2026-05-21,275.88,2026-05-28,250.94,-9.190162389444684,E1,260.76,entry_A,False,False,,,7
600498,2026-05-20,2026-05-21,58.49,2026-05-22,54.5,-6.971678919473417,E1,58.44,entry_A,False,False,,,1
688141,2026-05-20,2026-05-21,102.0,2026-06-09,91.98,-5.061764705882349,E1(含T1减半),92.88,entry_A,False,True,2026-05-25,102.0,19
688525,2026-05-20,2026-05-21,324.61,2026-07-03,427.91,16.71485320846555,持有中(含T1减半),287.93,entry_A,True,True,2026-06-01,330.8,43
000988,2026-05-22,2026-05-25,156.74,2026-07-03,151.69,1.406718131938234,E1(含T1减半),147.31,entry_A,False,True,2026-05-27,166.67,39
002203,2026-05-22,2026-05-25,21.56,2026-05-27,19.76,-8.498794063079767,E1,20.89,entry_A,False,False,,,2
300390,2026-05-22,2026-05-25,89.0,2026-07-03,92.48,3.760112359550566,持有中,81.05,entry_A,True,False,,,39
600522,2026-05-22,2026-05-25,44.29,2026-05-27,39.8,-10.287728606909013,E1,43.86,entry_A,False,False,,,2
688172,2026-05-22,2026-05-25,54.3,2026-06-02,64.59,18.800276243093933,E3,49.36,entry_A,False,False,,,8
688409,2026-05-25,2026-05-26,171.5,2026-06-01,150.99,-12.109183673469387,E1,162.27,entry_A,False,False,,,6
688548,2026-05-25,2026-05-26,29.92,2026-06-01,27.76,-7.369251336898392,E1,30.17,entry_A,False,False,,,6
600726,2026-05-26,2026-05-27,7.86,2026-06-11,8.3,8.628625954198471,E3(含T1减半),7.02,entry_A,False,True,2026-06-09,8.8,15
001309,2026-06-02,2026-06-03,600.0,2026-06-09,605.55,0.774999999999998,E1,577.29,entry_A,False,False,,,6
301377,2026-06-02,2026-06-03,344.28,2026-07-03,527.54,38.863303125363075,E3(含T1减半),327.49,entry_A,False,True,2026-06-11,429.65,30
688037,2026-06-02,2026-06-03,245.75,2026-07-03,357.79,45.44104781281791,E3,238.09,entry_A,False,False,,,30
688702,2026-06-02,2026-06-03,285.0,2026-07-03,323.64,19.786842105263155,持有中(含T1减半),252.6,entry_A,True,True,2026-07-02,360.0,30
000811,2026-06-03,2026-06-04,31.47,2026-06-09,29.69,-3.1369717190975477,E1(含T1减半),31.73,entry_A,False,True,2026-06-05,31.37,5
688548,2026-06-04,2026-06-05,29.46,2026-06-08,25.93,-12.13234894772573,E1,30.17,entry_A,False,False,,,3
605358,2026-06-09,2026-06-10,74.0,2026-07-03,64.67,-7.467567567567568,持有中(含T1减半),63.9,entry_A,True,True,2026-06-11,72.5,23
688300,2026-06-09,2026-06-10,163.02,2026-07-03,206.0,20.694068212489263,E3(含T1减半),167.19,entry_A,False,True,2026-06-12,188.0,23
688766,2026-06-09,2026-06-10,410.26,2026-07-03,815.88,87.88685467752157,持有中(含T1减半),398.73,entry_A,True,True,2026-06-26,727.0,23
001309,2026-06-10,2026-06-11,630.0,2026-07-03,881.91,22.390476190476203,持有中(含T1减半),577.29,entry_A,True,True,2026-06-12,662.1,22
300757,2026-06-11,2026-06-12,636.0,2026-07-03,528.0,-17.131132075471694,E3,556.2,entry_A,False,False,,,21
601991,2026-06-11,2026-06-12,7.91,2026-06-25,7.7,4.464412136536028,E1(含T1减半),7.93,entry_A,False,True,2026-06-17,8.85,13
603268,2026-06-12,2026-06-15,151.47,2026-07-03,148.5,-2.1107843137254942,持有中,142.48,entry_A,True,False,,,18
000636,2026-06-15,2026-06-16,68.24,2026-07-03,65.5,5.381946072684651,E1(含T1减半),59.91,entry_A,False,True,2026-06-29,78.53,17
002851,2026-06-15,2026-06-16,158.58,2026-07-02,149.5,-5.8758166225249155,E1,147.95,entry_A,False,False,,,16
300672,2026-06-15,2026-06-16,295.01,2026-07-03,265.01,-3.0854937120775525,E3(含T1减半),264.79,entry_A,False,True,2026-06-26,307.69,17
600522,2026-06-15,2026-06-16,51.4,2026-07-02,52.65,9.431712062256809,E3(含T1减半),46.07,entry_A,False,True,2026-06-24,60.0,16
000338,2026-06-17,2026-06-18,29.66,2026-06-30,26.63,-10.365778826702638,E1,29.22,entry_A,False,False,,,12
600584,2026-06-17,2026-06-18,81.8,2026-07-03,90.88,7.8389975550122335,持有中(含T1减半),80.08,entry_A,True,True,2026-06-22,85.79,15
300666,2026-06-24,2026-06-25,314.0,2026-07-03,332.19,5.6429936305732395,持有中,293.6,entry_A,True,False,,,8
605589,2026-06-24,2026-06-25,65.19,2026-06-30,61.97,-5.089407884644887,E1,64.15,entry_A,False,False,,,5
