params_id,chandelier_atr,cluster_hits,initial_stop_atr,weights,annual_excess,annual_return,benchmark_annual_return,ending_equity,ending_risk_pct,expectancy,max_dd,open_trades,profit_factor,reduced_risk,trades,win_rate,selected
h2-s2-c2p5-wbase,2.5,2,2.0,base,-6.219894376124168,-1.7574552440057567,4.462439132118412,441740.6542449121,0.0025,-0.7945786444918261,40.873285334714446,54,0.8731293908057723,True,1848,30.898268398268396,False
h2-s2-c2p5-wrs_heavy,2.5,2,2.0,rs_heavy,-6.643172519833918,-2.1807333877155055,4.462439132118412,428613.0106179401,0.0025,-0.6587781317416876,40.828494129090274,53,0.8940241124605129,True,1806,31.284606866002214,False
h2-s2-c2p5-wcluster_heavy,2.5,2,2.0,cluster_heavy,-5.435029860629747,-0.9725907285113355,4.462439132118412,466995.9620258362,0.0025,-0.6223640888192665,40.1224306336304,54,0.8973400919128618,True,1807,31.26729385722192,False
h2-s2-c3-wbase,3.0,2,2.0,base,-5.214047786628539,-0.7516086545101275,4.462439132118412,474326.0195074958,0.0025,-0.6165245608909347,38.54590612672184,54,0.9076056197844158,True,1563,30.902111324376197,False
h2-s2-c3-wrs_heavy,3.0,2,2.0,rs_heavy,-5.22742124925869,-0.7649821171402782,4.462439132118412,473879.63140515087,0.0025,-0.3706894659034079,39.90057192640469,53,0.9442009891849533,True,1564,31.393861892583118,False
h2-s2-c3-wcluster_heavy,3.0,2,2.0,cluster_heavy,-4.600906212358025,-0.13846708023961263,4.462439132118412,495182.66061361914,0.0025,-0.5355620852870533,38.615280789363794,53,0.9199207952750028,True,1525,31.278688524590166,False
h2-s2-c3p5-wbase,3.5,2,2.0,base,-4.27058900102697,0.19185013109144222,4.462439132118412,506740.89411227184,0.0025,-1.215552196560132,37.89361980530032,56,0.8337831156897532,True,1458,29.35528120713306,False
h2-s2-c3p5-wrs_heavy,3.5,2,2.0,rs_heavy,-4.833784878534974,-0.3713457464165626,4.462439132118412,487170.3686200147,0.0025,-0.8753941615669966,39.36213783205313,59,0.8789509334263844,True,1449,29.675638371290546,False
h2-s2-c3p5-wcluster_heavy,3.5,2,2.0,cluster_heavy,-3.4280245829650724,1.0344145491533396,4.462439132118412,537275.6848869356,0.0025,-0.5772951696065167,38.16453151440034,56,0.9174044125429367,True,1429,30.72078376487054,False
h2-s2p5-c2p5-wbase,2.5,2,2.5,base,-4.786669756381546,-0.3242306242631332,4.462439132118412,488782.3581760782,0.0025,-0.6036298821682571,40.490261126228766,56,0.903153012965623,True,1971,32.1664129883308,False
h2-s2p5-c2p5-wrs_heavy,2.5,2,2.5,rs_heavy,-5.735292926084634,-1.2728537939662221,4.462439132118412,457191.80809340725,0.0025,-0.9673893021154867,39.22098107858836,63,0.8465520806366835,True,1985,30.93198992443325,False
h2-s2p5-c2p5-wcluster_heavy,2.5,2,2.5,cluster_heavy,-5.591739366307891,-1.1293002341894787,4.462439132118412,461856.8662826188,0.0025,-0.800159968543255,40.49979602216716,59,0.8703309522300963,True,1958,31.613891726251275,False
h2-s2p5-c3-wbase,3.0,2,2.5,base,-3.661156652173214,0.8012824799451979,4.462439132118412,528673.2449801711,0.0025,-0.4315788437931407,37.565224112555974,65,0.9375534177542949,True,1654,31.43893591293833,False
h2-s2p5-c3-wrs_heavy,3.0,2,2.5,rs_heavy,-4.409647811326778,0.05279132079163418,4.462439132118412,501847.18058861373,0.0025,-0.6218891052336913,38.657810069733465,61,0.912394951909224,True,1691,30.86930810171496,False
h2-s2p5-c3-wcluster_heavy,3.0,2,2.5,cluster_heavy,-3.0575267124454353,1.4049124196729768,4.462439132118412,551193.6027942151,0.0025,-0.2558333836156405,39.098250337984894,65,0.9626433163254756,True,1644,31.569343065693428,False
h2-s2p5-c3p5-wbase,3.5,2,2.5,base,-1.9199808943253682,2.542458237793044,4.462439132118412,595873.7793723256,0.0025,-0.4691002445947929,36.05904563794767,61,0.9360480681052016,True,1483,30.74848280512475,False
h2-s2p5-c3p5-wrs_heavy,3.5,2,2.5,rs_heavy,-3.125736949738145,1.3367021823802672,4.462439132118412,548608.3037260969,0.0025,-0.6502153479904234,37.67463985346913,64,0.9117556370076899,True,1494,30.856760374832664,False
h2-s2p5-c3p5-wcluster_heavy,3.5,2,2.5,cluster_heavy,-1.7721487341510578,2.6902903979673543,4.462439132118412,601901.9372677573,0.0025,-0.5193713624278632,36.18500470986677,62,0.9286045828854562,True,1476,30.89430894308943,False
h2-s3-c2p5-wbase,2.5,2,3.0,base,-6.991365594456789,-2.5289264623383767,4.462439132118412,418066.0667281946,0.0025,-0.9370336157680592,43.04833824879581,63,0.8521578651744404,True,2213,30.908269317668324,False
h2-s3-c2p5-wrs_heavy,2.5,2,3.0,rs_heavy,-6.721921808496689,-2.259482676378277,4.462439132118412,426207.91935379605,0.0025,-1.1522295259450033,42.29223201593891,70,0.8209037872092523,True,2200,30.909090909090907,False
h2-s3-c2p5-wcluster_heavy,2.5,2,3.0,cluster_heavy,-6.675403864817342,-2.21296473269893,4.462439132118412,427627.2272721379,0.0025,-0.7911117351062988,42.19014797658622,66,0.8738135472335113,True,2209,31.05477591670439,False
h2-s3-c3-wbase,3.0,2,3.0,base,-5.106050637218584,-0.6436115051001723,4.462439132118412,477944.0408520471,0.0025,-0.9826081010946748,40.99111236999034,63,0.8623599558547825,True,1850,30.7027027027027,False
h2-s3-c3-wrs_heavy,3.0,2,3.0,rs_heavy,-5.014130219244861,-0.5516910871264491,4.462439132118412,481042.0781011289,0.0025,-0.5455558106690607,40.74870295179885,64,0.922104764126758,True,1833,31.42389525368249,False
h2-s3-c3-wcluster_heavy,3.0,2,3.0,cluster_heavy,-4.871110974428172,-0.40867184230976017,4.462439132118412,485896.53538980085,0.0025,-0.8038753387470443,41.502989494197585,65,0.8853855221261531,True,1807,30.99059214167128,False
h2-s3-c3p5-wbase,3.5,2,3.0,base,-2.913690137401148,1.548748994717264,4.462439132118412,556679.5223955617,0.0025,-0.8072698861457805,38.87323675422022,64,0.8946489304331819,True,1586,31.021437578814627,False
h2-s3-c3p5-wrs_heavy,3.5,2,3.0,rs_heavy,-3.1253441055665077,1.3370950265519044,4.462439132118412,548623.1634728969,0.0025,-0.775021512058101,38.993989669365334,68,0.8994709370546127,True,1588,31.10831234256927,False
h2-s3-c3p5-wcluster_heavy,3.5,2,3.0,cluster_heavy,-2.3143402903190724,2.1480988417993396,4.462439132118412,580045.3942622998,0.0025,-0.5503048221949439,38.450683878655276,66,0.9267647585507935,True,1578,31.305449936628644,False
h3-s2-c2p5-wbase,2.5,3,2.0,base,-5.669836436174281,-1.2073973040558683,4.462439132118412,459313.9139983173,0.0025,-0.8405448243307038,36.82328535915041,56,0.8633592493878985,True,1735,30.778097982708935,False
h3-s2-c2p5-wrs_heavy,2.5,3,2.0,rs_heavy,-7.5606906855006155,-3.098251553382203,4.462439132118412,401299.90049401147,0.0025,-0.7806763460489394,40.08062415977046,53,0.8729094603122954,True,1715,31.60349854227405,False
h3-s2-c2p5-wcluster_heavy,2.5,3,2.0,cluster_heavy,-5.2493838908220125,-0.7869447587036005,4.462439132118412,473147.32911719254,0.0025,-0.5983752874015876,38.99507485775403,49,0.8991078221432746,True,1713,32.10741389375365,False
h3-s2-c3-wbase,3.0,3,2.0,base,-4.496321598315578,-0.03388246619716595,4.462439132118412,498817.5167543815,0.0025,-0.881028829539111,35.84967052581147,55,0.8680617442808344,True,1496,30.74866310160428,True
h3-s2-c3-wrs_heavy,3.0,3,2.0,rs_heavy,-3.297290229016814,1.1651489031015982,4.462439132118412,542151.9870646651,0.0025,-0.7063944236178015,35.3936791323757,55,0.8938534073504112,True,1522,30.814717477003946,False
h3-s2-c3-wcluster_heavy,3.0,3,2.0,cluster_heavy,-3.7435918563869075,0.7188472757315045,4.462439132118412,525659.8129865574,0.0025,-0.7511493023151742,36.5752027728316,60,0.8850944730361575,True,1519,31.007241606319948,False
h3-s2-c3p5-wbase,3.5,3,2.0,base,-3.9056412299874665,0.5567979021309455,4.462439132118412,519778.9550466329,0.0025,-0.9247526216046653,37.68676858133384,59,0.8689760907238493,True,1391,29.475197699496764,False
h3-s2-c3p5-wrs_heavy,3.5,3,2.0,rs_heavy,-3.688439626757156,0.7739995053612558,4.462439132118412,527674.2769750049,0.0025,-0.753414569913334,36.3940135422433,55,0.8935864340519148,True,1399,29.807005003573984,False
h3-s2-c3p5-wcluster_heavy,3.5,3,2.0,cluster_heavy,-2.4485152028884904,2.0139239292299216,4.462439132118412,574742.8272922979,0.0025,-0.3748695476191029,35.79902865116472,53,0.944399751826448,True,1347,30.58648849294729,False
h3-s2p5-c2p5-wbase,2.5,3,2.5,base,-6.093942393576168,-1.6315032614577563,4.462439132118412,445712.8470086261,0.0025,-1.0330019916956639,39.44299848274286,61,0.8366038254220093,True,1939,30.840639504899432,False
h3-s2p5-c2p5-wrs_heavy,2.5,3,2.5,rs_heavy,-6.6210882755587175,-2.1586491434403055,4.462439132118412,429289.5723901354,0.0025,-0.9224323025194763,39.254595986746004,67,0.8531297371163168,True,1951,31.060994361865713,False
h3-s2p5-c2p5-wcluster_heavy,2.5,3,2.5,cluster_heavy,-5.966341602537472,-1.5039024704190607,4.462439132118412,449768.2096017515,0.0025,-0.9864856661387684,37.62897459604992,57,0.8415561595252231,True,1928,31.275933609958507,False
h3-s2p5-c3-wbase,3.0,3,2.5,base,-2.470466828829454,1.991972303288958,4.462439132118412,573879.269303907,0.0025,-0.6067017665455902,34.811102183962674,61,0.9108711070779234,True,1597,31.684408265497808,False
h3-s2p5-c3-wrs_heavy,3.0,3,2.5,rs_heavy,-3.056892302554748,1.4055468295636642,4.462439132118412,551217.6970600821,0.0025,-0.37470310906116167,36.73994632750162,58,0.9453293644159511,True,1619,31.192093885114268,False
h3-s2p5-c3-wcluster_heavy,3.0,3,2.5,cluster_heavy,-3.289632610156512,1.1728065219619,4.462439132118412,542438.7828263954,0.0025,-0.9520591684459033,37.583941325880545,63,0.8586075291209914,True,1581,31.2460468058191,False
h3-s2p5-c3p5-wbase,3.5,3,2.5,base,-2.1957739438437374,2.2666651882746747,4.462439132118412,584765.9473374346,0.0025,-0.5397401014348067,36.44347895748142,60,0.9270681428226919,True,1439,30.993745656706047,False
h3-s2p5-c3p5-wrs_heavy,3.5,3,2.5,rs_heavy,-2.2892916791575235,2.1731474529608885,4.462439132118412,581039.939639068,0.0025,-0.6061679746021985,35.89208740946335,66,0.9167220420420942,True,1433,31.193300767620375,False
h3-s2p5-c3p5-wcluster_heavy,3.5,3,2.5,cluster_heavy,-0.962343138133237,3.500095993985175,4.462439132118412,635859.2172760101,0.0025,-0.20079468072179543,35.46299025370488,63,0.9719091310742496,True,1436,31.615598885793872,False
h3-s3-c2p5-wbase,2.5,3,3.0,base,-6.63402021753895,-2.1715810854205375,4.462439132118412,428893.284990515,0.0025,-1.0062611447367897,39.800614945796205,69,0.8402359989138198,True,2171,31.41409488714878,False
h3-s3-c2p5-wrs_heavy,2.5,3,3.0,rs_heavy,-6.310308648884,-1.8478695167655879,4.462439132118412,438907.9650790532,0.0025,-0.9083089763586526,39.58196306113568,69,0.8552400590107778,True,2176,31.479779411764707,False
h3-s3-c2p5-wcluster_heavy,2.5,3,3.0,cluster_heavy,-6.817804043324882,-2.35536491120647,4.462439132118412,423295.18860504264,0.0025,-0.952719762609699,40.59421579644761,68,0.846360266192083,True,2142,31.699346405228756,False
h3-s3-c3-wbase,3.0,3,3.0,base,-4.097543075522325,0.3648960565960868,4.462439132118412,512887.727089877,0.0025,-0.8906632576493817,40.4165143573771,60,0.8734182526661447,True,1784,31.2219730941704,False
h3-s3-c3-wrs_heavy,3.0,3,3.0,rs_heavy,-3.888609245339114,0.5738298867792979,4.462439132118412,520394.3914264471,0.0025,-0.8671329556867426,38.3592790533749,66,0.8778415697827109,True,1788,31.04026845637584,False
h3-s3-c3-wcluster_heavy,3.0,3,3.0,cluster_heavy,-3.6616409590401133,0.8007981730782987,4.462439132118412,528655.4979331191,0.0025,-0.9067411686991491,39.54184773634003,63,0.8699352360050026,True,1769,30.243075183719615,False
h3-s3-c3p5-wbase,3.5,3,3.0,base,-2.0640173779370663,2.3984217541813457,4.462439132118412,590050.2294725684,0.0025,-0.5516124329608448,37.645367732959066,73,0.9271686370711237,True,1580,31.0126582278481,False
h3-s3-c3p5-wrs_heavy,3.5,3,3.0,rs_heavy,-2.468278741471397,1.9941603906470151,4.462439132118412,573965.2968509637,0.0025,-0.6164306846885289,36.072275246875385,72,0.9172558126288487,True,1542,31.452658884565498,False
h3-s3-c3p5-wcluster_heavy,3.5,3,3.0,cluster_heavy,-1.3114874421588318,3.15095168995958,4.462439132118412,621022.6815215803,0.0025,-0.2009729679888955,38.21608467823175,70,0.9730832041302548,True,1543,31.756318859364875,False
h4-s2-c2p5-wbase,2.5,4,2.0,base,-5.388821554963419,-0.9263824228450068,4.462439132118412,468520.62860380515,0.0025,-0.8640548100068735,38.46343943517685,57,0.8605785387904735,True,1716,31.35198135198135,False
h4-s2-c2p5-wrs_heavy,2.5,4,2.0,rs_heavy,-6.717377930949009,-2.254938798830597,4.462439132118412,426346.37937234656,0.0025,-0.9057539279707657,39.54047073282691,55,0.8533710417355541,True,1704,31.572769953051644,False
h4-s2-c2p5-wcluster_heavy,2.5,4,2.0,cluster_heavy,-5.026878290076375,-0.5644391579579633,4.462439132118412,480611.3988696181,0.0025,-0.5446901893812456,38.612013446619116,53,0.908542749546292,True,1710,31.988304093567248,False
h4-s2-c3-wbase,3.0,4,2.0,base,-3.7014479330907513,0.7609911990276608,4.462439132118412,527198.5466714575,0.0025,-0.8126257894220962,35.07622462756457,58,0.8802724422041452,True,1492,30.630026809651472,False
h4-s2-c3-wrs_heavy,3.0,4,2.0,rs_heavy,-2.024763781468053,2.437675350650359,4.462439132118412,591632.439083962,0.0025,-0.3939933660466205,34.196955002455894,55,0.9401568742251767,True,1509,30.947647448641487,False
h4-s2-c3-wcluster_heavy,3.0,4,2.0,cluster_heavy,-2.7553698323008913,1.7070692998175208,4.462439132118412,562771.8762591768,0.0025,-0.5514156551189952,36.59787089865406,56,0.9160450755426028,True,1462,31.19015047879617,False
h4-s2-c3p5-wbase,3.5,4,2.0,base,-3.66824141138149,0.7941977207369222,4.462439132118412,528413.6803924518,0.0025,-0.6115763124605731,35.671921232872705,57,0.9141867180433817,True,1382,30.246020260492042,False
h4-s2-c3p5-wrs_heavy,3.5,4,2.0,rs_heavy,-4.037019889593063,0.4254192425253489,4.462439132118412,515052.62165057665,0.0025,-0.761446695499499,36.535614427084816,55,0.8914660645132835,True,1390,29.856115107913666,False
h4-s2-c3p5-wcluster_heavy,3.5,4,2.0,cluster_heavy,-2.4817277603920607,1.9807113717263514,4.462439132118412,573436.7056194011,0.0025,-0.3094136819102706,34.292708506261754,50,0.9550034849839877,True,1360,30.808823529411768,False
h4-s2p5-c2p5-wbase,2.5,4,2.5,base,-6.227494505150732,-1.7650553730323204,4.462439132118412,441501.9398519569,0.0025,-1.2609559841156703,39.914019235772315,57,0.8035473292826965,True,1909,30.591932949188056,False
h4-s2p5-c2p5-wrs_heavy,2.5,4,2.5,rs_heavy,-6.318547568380762,-1.8561084362623492,4.462439132118412,438650.6144048241,0.0025,-1.2666869217098606,39.648679738664896,61,0.8037791408907817,True,1929,30.274753758424055,False
h4-s2p5-c2p5-wcluster_heavy,2.5,4,2.5,cluster_heavy,-5.450046748693083,-0.9876076165746706,4.462439132118412,466501.3883964776,0.0025,-0.9962232234845204,40.29003250022163,58,0.8410568945449288,True,1876,31.289978678038377,False
h4-s2p5-c3-wbase,3.0,4,2.5,base,-3.134867332905289,1.327571799213123,4.462439132118412,548263.0344565122,0.0025,-0.8421625050518817,35.98115460488862,61,0.8785221469232949,True,1606,31.07098381070984,False
h4-s2p5-c3-wrs_heavy,3.0,4,2.5,rs_heavy,-2.267635512160382,2.19480361995803,4.462439132118412,581900.9667291549,0.0025,-0.6511785264071592,34.74255623787547,64,0.9069770480829623,True,1578,31.55893536121673,False
h4-s2p5-c3-wcluster_heavy,3.0,4,2.5,cluster_heavy,-2.544570845741334,1.917868286377078,4.462439132118412,570972.287754124,0.0025,-0.6761028664303023,35.78491507267815,60,0.9001719931601199,True,1577,31.769181991122387,False
h4-s2p5-c3p5-wbase,3.5,4,2.5,base,-2.6343092721494044,1.8281298599690077,4.462439132118412,567468.8931067614,0.0025,-0.6569899331436677,36.892987611131026,66,0.911406676219168,True,1451,31.357684355616815,False
h4-s2p5-c3p5-wrs_heavy,3.5,4,2.5,rs_heavy,-2.2259877993261235,2.2364513327922886,4.462439132118412,583559.9107033638,0.0025,-0.6282309709395368,35.336998845575344,68,0.9143007167575036,True,1433,31.26308443824145,False
h4-s2p5-c3p5-wcluster_heavy,3.5,4,2.5,cluster_heavy,-1.3089997863693803,3.1534393457490317,4.462439132118412,621127.3332268766,0.0025,-0.4203329656566819,36.47512077860112,65,0.9418894213004391,True,1405,32.24199288256228,False
h4-s3-c2p5-wbase,2.5,4,3.0,base,-6.258994148613417,-1.796555016495005,4.462439132118412,440513.737586856,0.0025,-1.013819242410804,40.34333798908935,65,0.8387194472997225,True,2105,31.44893111638955,False
h4-s3-c2p5-wrs_heavy,2.5,4,3.0,rs_heavy,-6.085522611681416,-1.6230834795630034,4.462439132118412,445979.4725093064,0.0025,-1.0150091125290175,40.34210328574135,69,0.8394903729821332,True,2114,30.79470198675497,False
h4-s3-c2p5-wcluster_heavy,2.5,4,3.0,cluster_heavy,-5.79204068481447,-1.329601552696058,4.462439132118412,455358.8445775671,0.0025,-0.8209701803858538,40.81858930357317,63,0.868232258937961,True,2109,31.34186818397345,False
h4-s3-c3-wbase,3.0,4,3.0,base,-3.305518993132761,1.156920138985651,4.462439132118412,541843.9454139315,0.0025,-0.9640987566246773,39.06271448110496,61,0.8638761907598771,True,1769,30.751837196156018,False
h4-s3-c3-wrs_heavy,3.0,4,3.0,rs_heavy,-3.293275473536905,1.1691636585815068,4.462439132118412,542302.3328531911,0.0025,-0.7332599164044864,38.08465393163863,63,0.8952348190369938,True,1757,31.36027319294252,False
h4-s3-c3-wcluster_heavy,3.0,4,3.0,cluster_heavy,-4.194983047397005,0.2674560847214069,4.462439132118412,509418.7127549363,0.0025,-1.1300762438780891,41.06699642584471,62,0.8396862949853237,True,1776,30.292792792792795,False
h4-s3-c3p5-wbase,3.5,4,3.0,base,-2.0340637547082485,2.4283753774101635,4.462439132118412,591257.2532933507,0.0025,-1.0171092829875776,38.16769588202538,66,0.8674543210348177,True,1562,30.66581306017926,False
h4-s3-c3p5-wrs_heavy,3.5,4,3.0,rs_heavy,-2.9473762229575096,1.5150629091609025,4.462439132118412,555390.5594731958,0.0025,-1.1302786136124627,38.19396709926009,69,0.8534705412358987,True,1538,30.689206762028608,False
h4-s3-c3p5-wcluster_heavy,3.5,4,3.0,cluster_heavy,-2.1193047882137606,2.3431343439046515,4.462439132118412,587827.889271289,0.0025,-0.8088954840617147,39.473681639087644,66,0.8948259452278177,True,1562,30.793854033290653,False
