entry_date,entry_price,entry_shares,exit_date,exit_price,exit_reason,hold_days,industry,initial_atr,initial_stop,legs,period,platform,pnl_pct,score,signal_date,signal_kind,still_open,ts_code
2015-01-08,8.74418550044027,3200,2015-01-20,7.128412092750221,close 7.1352 <= stop 7.2389,12,801181.SI,0.4806586439683004,7.186797182271794,"[{""action"":""exit"",""forced"":false,""price"":7.128412092750221,""proceeds"":22793.810507778104,""reason"":""close 7.1352 <= stop 7.2389"",""rolled"":0,""shares"":3200,""trade_date"":""2015-01-20""}]",2015-2021,8.628773114176695,-18.60045183503677,92.2789108003725,2015-01-07,shallow,False,600748.SH
2015-01-09,2.817218867880458,10700,2015-02-03,2.297966762820139,close 2.27311 <= stop 2.35707,25,801055.SI,0.1358893806859986,2.3570731194599834,"[{""action"":""exit"",""forced"":false,""price"":2.297966762820139,""proceeds"":24569.803178903854,""reason"":""close 2.27311 <= stop 2.35707"",""rolled"":0,""shares"":10700,""trade_date"":""2015-02-03""}]",2015-2021,2.764741261517979,-18.553633794262126,83.36078351307086,2015-01-08,shallow,False,600219.SH
2015-01-08,4.078874767513949,6000,2015-02-06,3.4662042777433353,close 3.51656 <= stop 3.53985,29,801181.SI,0.2572376782393057,3.2484125077495345,"[{""action"":""exit"",""forced"":false,""price"":3.4662042777433353,""proceeds"":20781.627747210165,""reason"":""close 3.51656 <= stop 3.53985"",""rolled"":0,""shares"":6000,""trade_date"":""2015-02-06""}]",2015-2021,4.020125542467452,-15.147949737285526,95.58373263341981,2015-01-07,shallow,False,601588.SH
2015-01-08,4.090287732633796,5400,2015-02-09,3.37084977175552,close 3.3978 <= stop 3.42602,32,801951.SI,0.24479752339247715,3.1726675169892387,"[{""action"":""exit"",""forced"":false,""price"":3.37084977175552,""proceeds"":18188.9368259042,""reason"":""close 3.3978 <= stop 3.42602"",""rolled"":0,""shares"":5400,""trade_date"":""2015-02-09""}]",2015-2021,3.9070600871666703,-17.712456764146257,84.72914443708756,2015-01-07,shallow,False,600188.SH
2015-01-08,6.230943824475127,3800,2015-02-09,5.105693209759788,close 5.12673 <= stop 5.32364,32,801179.SI,0.3770115377340647,4.9158728957821065,"[{""action"":""exit"",""forced"":false,""price"":5.105693209759788,""proceeds"":19387.08297143938,""reason"":""close 5.12673 <= stop 5.32364"",""rolled"":0,""shares"":3800,""trade_date"":""2015-02-09""}]",2015-2021,6.046907508984301,-18.181891007904394,93.42599225034948,2015-01-07,shallow,False,601006.SH
2015-01-08,4.265564659779124,4900,2015-02-09,3.4829711435696473,close 3.49157 <= stop 3.61391,32,801179.SI,0.2825076594228714,3.2460431065194157,"[{""action"":""exit"",""forced"":false,""price"":3.4829711435696473,""proceeds"":17053.75868453865,""reason"":""close 3.49157 <= stop 3.61391"",""rolled"":0,""shares"":4900,""trade_date"":""2015-02-09""}]",2015-2021,4.09356608478803,-18.469162241222325,94.18964244911838,2015-01-07,shallow,False,601333.SH
2015-01-08,2.521517027863777,10600,2015-02-09,2.200092879256966,close 2.22226 <= stop 2.25842,32,801782.SI,0.1324489164086688,2.05212693498452,"[{""action"":""exit"",""forced"":false,""price"":2.200092879256966,""proceeds"":23303.493781733745,""reason"":""close 2.22226 <= stop 2.25842"",""rolled"":0,""shares"":10600,""trade_date"":""2015-02-09""}]",2015-2021,2.4494736842105262,-12.878033782355548,89.67975547596258,2015-01-07,shallow,False,601988.SH
2015-01-08,4.451839657258465,4900,2015-02-10,3.6633476803459155,close 3.66335 <= stop 3.76618,33,801971.SI,0.3160945712755619,3.4372667949302818,"[{""action"":""exit"",""forced"":false,""price"":3.6633476803459155,""proceeds"":17936.940830969714,""reason"":""close 3.66335 <= stop 3.76618"",""rolled"":0,""shares"":4900,""trade_date"":""2015-02-10""}]",2015-2021,4.3855505087569675,-17.83493884288979,93.4358855711347,2015-01-07,shallow,False,600008.SH
2015-01-08,7.16253530408586,3400,2015-03-12,6.697975899077387,close 6.67024 <= stop 6.75327,63,801181.SI,0.4250371869704388,5.714080681604218,"[{""action"":""exit"",""forced"":false,""price"":6.697975899077387,""proceeds"":22756.038218320467,""reason"":""close 6.67024 <= stop 6.75327"",""rolled"":0,""shares"":3400,""trade_date"":""2015-03-12""}]",2015-2021,6.989192242515534,-6.626129144671022,97.1134117972721,2015-01-07,shallow,False,600376.SH
2015-02-10,59.4269764957265,300,2015-04-15,50.40720284237727,close 51.4376 <= stop 52.5568,64,801104.SI,3.8452462234148284,45.991567034386804,"[{""action"":""exit"",""forced"":false,""price"":50.40720284237727,""proceeds"":15110.819232073643,""reason"":""close 51.4376 <= stop 52.5568"",""rolled"":0,""shares"":300,""trade_date"":""2015-04-15""}]",2015-2021,57.52730570463129,-15.305048865581893,85.97478727612483,2015-02-09,shallow,False,300226.SZ
2015-01-15,11.401147270844104,100,2015-05-06,12.795935358593466,close 12.6839 <= stop 12.9586,111,801093.SI,0.44427736634337894,9.95623398619125,"[{""action"":""exit"",""forced"":false,""price"":12.795935358593466,""proceeds"":1278.633840707452,""reason"":""close 12.6839 <= stop 12.9586"",""rolled"":0,""shares"":100,""trade_date"":""2015-05-06""}]",2015-2021,11.289066085221387,12.065527588333879,82.96148791766538,2015-01-14,shallow,False,600741.SH
2015-01-08,6.013460739509764,3500,2015-05-07,7.411682592438721,close 7.41168 <= stop 7.44267,119,801181.SI,0.4119036144578314,4.619112588284171,"[{""action"":""exit"",""forced"":false,""price"":7.411682592438721,""proceeds"":25921.43340673037,""reason"":""close 7.41168 <= stop 7.44267"",""rolled"":0,""shares"":3500,""trade_date"":""2015-05-07""}]",2015-2021,5.854823431657666,23.066794995777705,91.4340193763297,2015-01-07,shallow,False,002146.SZ
2015-04-16,9.273910463506297,600,2015-05-07,9.202572690710095,close 9.19465 <= stop 9.28782,21,801181.SI,0.38839454077932334,8.386151513153559,"[{""action"":""exit"",""forced"":false,""price"":9.202572690710095,""proceeds"":5517.402456715237,""reason"":""close 9.19465 <= stop 9.28782"",""rolled"":0,""shares"":600,""trade_date"":""2015-05-07""}]",2015-2021,9.551335135491529,-0.9179653721247405,91.0734951046125,2015-04-15,shallow,False,600684.SH
2015-03-19,8.318070305547316,300,2015-05-07,8.148163008009492,close 8.04474 <= stop 8.13468,49,801711.SI,0.4118405146840699,6.971739654405221,"[{""action"":""exit"",""forced"":false,""price"":8.148163008009492,""proceeds"":2442.6155657260456,""reason"":""close 8.04474 <= stop 8.13468"",""rolled"":0,""shares"":300,""trade_date"":""2015-05-07""}]",2015-2021,8.20726119845743,-2.1894547118080587,90.63105010803577,2015-03-18,shallow,False,600720.SH
2015-04-21,8.845075673269532,300,2015-05-07,8.686512352548409,close 8.69341 <= stop 8.87765,16,801963.SI,0.48809926552414884,7.077439350100156,"[{""action"":""exit"",""forced"":false,""price"":8.686512352548409,""proceeds"":2603.999240485199,""reason"":""close 8.69341 <= stop 8.87765"",""rolled"":0,""shares"":300,""trade_date"":""2015-05-07""}]",2015-2021,8.541737146672602,-1.939874011093401,86.0316109429282,2015-04-20,shallow,False,601857.SH
2015-02-09,5.437358807659988,4900,2015-05-08,6.377916943080802,close 6.28853 <= stop 6.60606,88,801231.SI,0.27750351598779355,4.48825014373535,"[{""action"":""trim_third"",""forced"":false,""price"":7.815960373269648,""proceeds"":12753.890692082172,""reason"":""gain reached 2.5R"",""rolled"":0,""shares"":1633,""trade_date"":""2015-04-28""},{""action"":""exit"",""forced"":false,""price"":6.377916943080802,""proceeds"":20821.027162055194,""reason"":""close 6.28853 <= stop 6.60606"",""rolled"":0,""shares"":3267,""trade_date"":""2015-05-08""}]",2015-2021,5.32076069169873,25.923065359511988,88.73201087711698,2015-02-06,shallow,False,000839.SZ
2015-04-16,4.8936624940027045,100,2015-05-08,5.268076939852575,close 5.2418 <= stop 5.24968,22,801161.SI,0.29723252060888916,3.9559842107558767,"[{""action"":""exit"",""forced"":false,""price"":5.268076939852575,""proceeds"":526.4125882147686,""reason"":""close 5.2418 <= stop 5.24968"",""rolled"":0,""shares"":100,""trade_date"":""2015-05-08""}]",2015-2021,4.847681772582544,7.489651217962345,86.43499979421202,2015-04-15,shallow,False,600027.SH
2015-02-06,20.41,1300,2015-05-08,19.08,close 18.9 <= stop 20.4406,91,801181.SI,1.1804999999999999,16.6785,"[{""action"":""exit"",""forced"":false,""price"":19.08,""proceeds"":24785.396999999997,""reason"":""close 18.9 <= stop 20.4406"",""rolled"":0,""shares"":1300,""trade_date"":""2015-05-08""}]",2015-2021,20.22,-6.656533812281662,91.58930343344363,2015-02-05,shallow,False,600149.SH
2015-04-15,3.6949679101709583,100,2015-05-08,3.090119030224011,close 3.06018 <= stop 3.2054,23,801044.SI,0.18624554620148587,2.9745389967291977,"[{""action"":""exit"",""forced"":false,""price"":3.090119030224011,""proceeds"":308.7801440951343,""reason"":""close 3.06018 <= stop 3.2054"",""rolled"":0,""shares"":100,""trade_date"":""2015-05-08""}]",2015-2021,3.5332756353336556,-16.4948816750484,78.96142520140577,2015-04-14,shallow,False,600282.SH
2015-02-03,6.807865374062557,3000,2015-05-08,12.41265776477044,close 12.174 <= stop 12.3515,94,801721.SI,0.45449423815621,5.425286263032742,"[{""action"":""trim_third"",""forced"":false,""price"":10.913590634717394,""proceeds"":10905.405441741357,""reason"":""gain reached 2.5R"",""rolled"":0,""shares"":1000,""trade_date"":""2015-03-19""},{""action"":""exit"",""forced"":false,""price"":12.41265776477044,""proceeds"":24806.696542893722,""reason"":""close 12.174 <= stop 12.3515"",""rolled"":0,""shares"":2000,""trade_date"":""2015-05-08""}]",2015-2021,6.788768977501372,74.72602654133757,89.36137454125549,2015-02-02,shallow,False,600491.SH
2015-04-28,7.031741455231704,100,2015-05-08,6.20802317047599,close 6.10757 <= stop 6.23682,10,801161.SI,0.2571608303627594,6.032564478926399,"[{""action"":""exit"",""forced"":false,""price"":6.20802317047599,""proceeds"":620.3367153098133,""reason"":""close 6.10757 <= stop 6.23682"",""rolled"":0,""shares"":100,""trade_date"":""2015-05-08""}]",2015-2021,6.804046970014677,-11.846615038720964,88.90780124667619,2015-04-27,shallow,False,600642.SH
2015-01-08,5.895031280076997,4000,2015-05-08,7.9478464870067365,close 7.8661 <= stop 8.11725,120,801951.SI,0.3469802694898938,4.672425409047161,"[{""action"":""trim_third"",""forced"":false,""price"":9.646414821944175,""proceeds"":12849.026954433346,""reason"":""gain reached 2.5R"",""rolled"":0,""shares"":1333,""trade_date"":""2015-04-20""},{""action"":""exit"",""forced"":false,""price"":7.9478464870067365,""proceeds"":21181.008900911333,""reason"":""close 7.8661 <= stop 8.11725"",""rolled"":0,""shares"":2667,""trade_date"":""2015-05-08""}]",2015-2021,5.7133662175168425,44.208447930231046,86.65400702378219,2015-01-07,shallow,False,601918.SH
2015-01-20,14.590507815696867,600,2015-05-19,18.29256076602013,close 18.488 <= stop 18.9151,119,801181.SI,0.8504429781487849,11.843009391112203,"[{""action"":""trim_third"",""forced"":false,""price"":21.94716425239381,""proceeds"":4386.140775840903,""reason"":""gain reached 2.5R"",""rolled"":0,""shares"":200,""trade_date"":""2015-05-05""},{""action"":""exit"",""forced"":false,""price"":18.29256076602013,""proceeds"":7311.536538178246,""reason"":""close 18.488 <= stop 18.9151"",""rolled"":0,""shares"":400,""trade_date"":""2015-05-19""}]",2015-2021,14.394338325558557,33.52186205233394,80.74854071284528,2015-01-19,shallow,False,600340.SH
2015-05-21,11.678204113924052,1200,2015-06-16,9.342563291139241,close 9.59615 <= stop 9.79388,26,801103.SI,0.6511054522679327,9.489655359968355,"[{""action"":""exit"",""forced"":false,""price"":9.342563291139241,""proceeds"":11202.667642405062,""reason"":""close 9.59615 <= stop 9.79388"",""rolled"":0,""shares"":1200,""trade_date"":""2015-06-16""}]",2015-2021,11.442971716772153,-20.11991006744942,97.02275448630573,2015-05-20,deep,False,002195.SZ
2015-02-12,5.372527988201381,100,2015-06-19,12.865790708587516,close 13.1863 <= stop 13.3182,127,801161.SI,0.319052758597573,4.519050077093249,"[{""action"":""trim_third"",""forced"":false,""price"":7.436709794194543,""proceeds"":245.2273646410136,""reason"":""gain reached 2.5R"",""rolled"":0,""shares"":33,""trade_date"":""2015-03-25""},{""action"":""exit"",""forced"":false,""price"":12.865790708587516,""proceeds"":861.3614714922571,""reason"":""close 13.1863 <= stop 13.3182"",""rolled"":0,""shares"":67,""trade_date"":""2015-06-19""}]",2015-2021,5.476208352885968,105.81735803410596,83.24993802755885,2015-02-11,shallow,False,000875.SZ
2015-05-29,25.96070947845496,300,2015-06-19,21.37329403145286,close 21.4438 <= stop 21.6044,21,801738.SI,1.3362748973437153,20.604734456731016,"[{""action"":""exit"",""forced"":false,""price"":21.37329403145286,""proceeds"":6407.179218278781,""reason"":""close 21.4438 <= stop 21.6044"",""rolled"":0,""shares"":300,""trade_date"":""2015-06-19""}]",2015-2021,24.61355914876216,-17.794010463956777,88.604227987453,2015-05-28,shallow,False,002322.SZ
2015-03-12,7.174398715923055,200,2015-06-23,10.141636445715147,close 10.4341 <= stop 11.5165,103,801203.SI,0.33844446116419624,6.209754019010359,"[{""action"":""trim_third"",""forced"":false,""price"":10.274206856770247,""proceeds"":677.5890793074262,""reason"":""gain reached 2.5R"",""rolled"":0,""shares"":66,""trade_date"":""2015-04-14""},{""action"":""exit"",""forced"":false,""price"":10.141636445715147,""proceeds"":1357.9600492630352,""reason"":""close 10.4341 <= stop 11.5165"",""rolled"":0,""shares"":134,""trade_date"":""2015-06-23""}]",2015-2021,7.225087402502948,41.75568513832022,86.83400066054855,2015-03-11,shallow,False,000516.SZ
2015-05-20,8.91578875793291,100,2015-06-23,9.485045330915685,close 9.5312 <= stop 9.91372,34,801713.SI,0.5991776971894831,7.149026291931098,"[{""action"":""exit"",""forced"":false,""price"":9.485045330915685,""proceeds"":947.7931546917498,""reason"":""close 9.5312 <= stop 9.91372"",""rolled"":0,""shares"":100,""trade_date"":""2015-06-23""}]",2015-2021,8.946559383499547,6.225356866733045,90.30133568426851,2015-05-19,shallow,False,002162.SZ
2015-04-15,5.340767174831647,2500,2015-06-23,7.916950114225133,close 7.88418 <= stop 8.25935,69,801181.SI,0.3251970196945037,4.3201236319113665,"[{""action"":""trim_third"",""forced"":false,""price"":8.805712749914143,""proceeds"":7329.657351637971,""reason"":""gain reached 2.5R"",""rolled"":0,""shares"":833,""trade_date"":""2015-06-11""},{""action"":""exit"",""forced"":false,""price"":7.916950114225133,""proceeds"":13187.657673532987,""reason"":""close 7.88418 <= stop 8.25935"",""rolled"":0,""shares"":1667,""trade_date"":""2015-06-23""}]",2015-2021,5.295714690994878,53.55051362551704,92.18191006826561,2015-04-14,shallow,False,002244.SZ
2015-05-07,6.38685062598935,6100,2015-06-23,7.1623614908619935,close 7.1426 <= stop 7.4824,47,801203.SI,0.24631169952511162,5.607474456756366,"[{""action"":""trim_third"",""forced"":false,""price"":9.533350122319757,""proceeds"":19366.764823077057,""reason"":""gain reached 2.5R"",""rolled"":0,""shares"":2033,""trade_date"":""2015-06-15""},{""action"":""exit"",""forced"":false,""price"":7.1623614908619935,""proceeds"":29107.477190198224,""reason"":""close 7.1426 <= stop 7.4824"",""rolled"":0,""shares"":4067,""trade_date"":""2015-06-23""}]",2015-2021,6.346409555331701,24.327967494134572,90.86933459748855,2015-05-06,shallow,False,002697.SZ
2015-01-09,7.009443150539912,2300,2015-06-23,19.347702731314843,close 19.5199 <= stop 20.1429,165,801161.SI,0.4160575905145036,5.5481177217869995,"[{""action"":""trim_third"",""forced"":false,""price"":10.98556002540758,""proceeds"":8408.62777522761,""reason"":""gain reached 2.5R"",""rolled"":0,""shares"":766,""trade_date"":""2015-02-06""},{""action"":""exit"",""forced"":false,""price"":19.347702731314843,""proceeds"":29657.11645784459,""reason"":""close 19.5199 <= stop 20.1429"",""rolled"":0,""shares"":1534,""trade_date"":""2015-06-23""}]",2015-2021,6.79629049333051,135.93771693858633,82.80526214031102,2015-01-08,shallow,False,600021.SH
2015-01-14,9.44809404798348,400,2015-06-23,12.191265014826353,close 12.0513 <= stop 12.9523,160,801034.SI,0.47336487455852205,7.405807865050465,"[{""action"":""trim_third"",""forced"":false,""price"":15.036296015388341,""proceeds"":1998.3274995191143,""reason"":""gain reached 2.5R"",""rolled"":0,""shares"":133,""trade_date"":""2015-06-03""},{""action"":""exit"",""forced"":false,""price"":12.191265014826353,""proceeds"":3252.626458139417,""reason"":""close 12.0513 <= stop 12.9523"",""rolled"":0,""shares"":267,""trade_date"":""2015-06-23""}]",2015-2021,8.825902488726031,38.8380203189812,84.90318119115209,2015-01-13,shallow,False,600352.SH
2015-05-06,18.504515185053183,400,2015-06-23,18.146185447110245,close 18.0084 <= stop 18.5323,48,801161.SI,1.0708546399294678,15.05306477330282,"[{""action"":""exit"",""forced"":false,""price"":18.146185447110245,""proceeds"":7253.030323209965,""reason"":""close 18.0084 <= stop 18.5323"",""rolled"":0,""shares"":400,""trade_date"":""2015-06-23""}]",2015-2021,18.265628693091223,-2.0834299796503197,91.97388571037567,2015-05-05,shallow,False,600864.SH
2015-06-05,8.727876697084355,100,2015-06-23,7.721344313376363,close 7.70066 <= stop 8.0726,18,801963.SI,0.48809926552414884,7.077439350100156,"[{""action"":""exit"",""forced"":false,""price"":7.721344313376363,""proceeds"":771.5553305141331,""reason"":""close 7.70066 <= stop 8.0726"",""rolled"":0,""shares"":100,""trade_date"":""2015-06-23""}]",2015-2021,8.541737146672602,-11.664987436357988,87.10505727061181,2015-06-04,shallow,False,601857.SH
2015-06-04,14.901085237340968,100,2015-06-24,12.589095392564245,close 12.3765 <= stop 12.4658,20,801181.SI,0.7967584584879946,12.465849690902248,"[{""action"":""exit"",""forced"":false,""price"":12.589095392564245,""proceeds"":1257.9653571019821,""reason"":""close 12.3765 <= stop 12.4658"",""rolled"":0,""shares"":100,""trade_date"":""2015-06-24""}]",2015-2021,14.856125066366232,-15.642211950485251,97.37416902027476,2015-06-03,shallow,False,600620.SH
2015-01-20,13.29234558206771,1400,2015-06-26,21.477415094676353,close 22.3409 <= stop 23.4325,157,801104.SI,0.7515564042617745,9.999436403547909,"[{""action"":""trim_third"",""forced"":false,""price"":22.03712954865883,""proceeds"":10261.600392897757,""reason"":""gain reached 2.5R"",""rolled"":0,""shares"":466,""trade_date"":""2015-05-19""},{""action"":""exit"",""forced"":false,""price"":21.477415094676353,""proceeds"":20044.86076915389,""reason"":""close 22.3409 <= stop 23.4325"",""rolled"":0,""shares"":934,""trade_date"":""2015-06-26""}]",2015-2021,12.254105616333232,62.734625641796924,83.44825830958159,2015-01-19,shallow,False,600588.SH
2015-05-19,11.032562199912704,1100,2015-06-29,13.556962025316457,close 13.183 <= stop 13.3251,41,801181.SI,0.5609777389786119,9.087839371453512,"[{""action"":""trim_third"",""forced"":false,""price"":15.679327804452205,""proceeds"":5734.330000947185,""reason"":""gain reached 2.5R"",""rolled"":0,""shares"":366,""trade_date"":""2015-05-28""},{""action"":""exit"",""forced"":false,""price"":13.556962025316457,""proceeds"":9943.347018987342,""reason"":""close 13.183 <= stop 13.3251"",""rolled"":0,""shares"":734,""trade_date"":""2015-06-29""}]",2015-2021,10.770772588389349,29.088348492097804,90.89076668172916,2015-05-18,shallow,False,000029.SZ
2015-01-08,9.306541492677763,2000,2015-06-29,14.597947421043347,close 14.1401 <= stop 14.6589,172,801181.SI,0.6879716079515377,6.824054946185969,"[{""action"":""trim_third"",""forced"":false,""price"":15.91463124154561,""proceeds"":10591.195048564225,""reason"":""gain reached 2.5R"",""rolled"":0,""shares"":666,""trade_date"":""2015-04-09""},{""action"":""exit"",""forced"":false,""price"":14.597947421043347,""proceeds"":19459.056613277073,""reason"":""close 14.1401 <= stop 14.6589"",""rolled"":0,""shares"":1334,""trade_date"":""2015-06-29""}]",2015-2021,8.887969770040582,61.32593878896293,95.79877786310523,2015-01-07,shallow,False,000046.SZ
2015-04-29,7.29865251874726,100,2015-06-29,10.626093465126191,close 10.1995 <= stop 10.2895,61,801161.SI,0.37223633256149513,6.2672625196878755,"[{""action"":""trim_third"",""forced"":false,""price"":10.083154382966459,""proceeds"":332.49453656691475,""reason"":""gain reached 2.5R"",""rolled"":0,""shares"":33,""trade_date"":""2015-06-05""},{""action"":""exit"",""forced"":false,""price"":10.626093465126191,""proceeds"":711.4143009668322,""reason"":""close 10.1995 <= stop 10.2895"",""rolled"":0,""shares"":67,""trade_date"":""2015-06-29""}]",2015-2021,7.383971517372361,42.92042126747126,91.72095200535557,2015-04-28,shallow,False,000690.SZ
2015-05-08,15.059786636162434,2200,2015-06-29,20.914788749906744,close 21.4272 <= stop 23.5642,52,801161.SI,0.714556984059881,12.612452689428792,"[{""action"":""trim_third"",""forced"":false,""price"":24.568234153134558,""proceeds"":17995.009247521943,""reason"":""gain reached 2.5R"",""rolled"":0,""shares"":733,""trade_date"":""2015-06-04""},{""action"":""exit"",""forced"":false,""price"":20.914788749906744,""proceeds"":30658.98359979111,""reason"":""close 21.4272 <= stop 23.5642"",""rolled"":0,""shares"":1467,""trade_date"":""2015-06-29""}]",2015-2021,14.756123641608434,46.74097097309344,89.06038084847391,2015-05-07,shallow,False,000722.SZ
2015-02-09,14.348736432009,2000,2015-06-29,21.551230233963206,close 20.3252 <= stop 20.3421,140,801074.SI,0.6748689035188231,12.018023344236338,"[{""action"":""trim_third"",""forced"":false,""price"":20.80566782641305,""proceeds"":13846.182341311798,""reason"":""gain reached 2.5R"",""rolled"":0,""shares"":666,""trade_date"":""2015-05-12""},{""action"":""exit"",""forced"":false,""price"":21.551230233963206,""proceeds"":28727.779126257836,""reason"":""close 20.3252 <= stop 20.3421"",""rolled"":0,""shares"":1334,""trade_date"":""2015-06-29""}]",2015-2021,14.042630054792808,48.243209874120055,86.37591649478875,2015-02-06,shallow,False,002073.SZ
2015-06-17,28.730352975029575,200,2015-06-29,20.55798989672923,close 20.4602 <= stop 21.3444,12,801083.SI,2.090502206093935,21.344433209706814,"[{""action"":""exit"",""forced"":false,""price"":20.55798989672923,""proceeds"":4108.514280861336,""reason"":""close 20.4602 <= stop 21.3444"",""rolled"":0,""shares"":200,""trade_date"":""2015-06-29""}]",2015-2021,27.61593982798862,-28.552301323513984,85.86491889192428,2015-06-16,shallow,False,002389.SZ
2015-05-06,13.455908741348372,100,2015-06-29,13.183875929248911,close 12.7661 <= stop 13.6383,54,801072.SI,0.794702960779287,10.770620674186107,"[{""action"":""exit"",""forced"":false,""price"":13.183875929248911,""proceeds"":1317.3988022301974,""reason"":""close 12.7661 <= stop 13.6383"",""rolled"":0,""shares"":100,""trade_date"":""2015-06-29""}]",2015-2021,13.154729556523968,-2.1685180158202644,91.03496342540923,2015-05-05,shallow,False,002487.SZ
2015-05-22,20.98,300,2015-06-29,22.01,close 21.81 <= stop 22.2435,38,801181.SI,1.1804999999999999,16.6785,"[{""action"":""exit"",""forced"":false,""price"":22.01,""proceeds"":6598.047750000001,""reason"":""close 21.81 <= stop 22.2435"",""rolled"":0,""shares"":300,""trade_date"":""2015-06-29""}]",2015-2021,20.22,4.752191337907452,90.70832079896671,2015-05-21,shallow,False,600149.SH
2015-05-28,4.405547063805177,100,2015-06-29,3.8036477805548095,close 3.72272 <= stop 4.07587,32,801951.SI,0.2535547270361266,3.4023757048726586,"[{""action"":""exit"",""forced"":false,""price"":3.8036477805548095,""proceeds"":380.07950447193934,""reason"":""close 3.72272 <= stop 4.07587"",""rolled"":0,""shares"":100,""trade_date"":""2015-06-29""}]",2015-2021,4.163039885981038,-13.791714632134012,82.87790926665701,2015-05-27,shallow,False,600188.SH
2015-06-15,14.227818125797791,100,2015-06-29,11.747392050706457,close 11.3558 <= stop 11.9882,14,801181.SI,0.659351203838197,11.988203706149038,"[{""action"":""exit"",""forced"":false,""price"":11.747392050706457,""proceeds"":1173.8581506668427,""reason"":""close 11.3558 <= stop 11.9882"",""rolled"":0,""shares"":100,""trade_date"":""2015-06-29""}]",2015-2021,13.96625731766363,-17.55739309547647,85.08395384993045,2015-06-12,shallow,False,600266.SH
2015-05-12,6.87379785282531,100,2015-06-29,6.56626770516946,close 6.36309 <= stop 6.88411,48,801723.SI,0.35336480919014834,5.509634619432833,"[{""action"":""exit"",""forced"":false,""price"":6.56626770516946,""proceeds"":656.1343004390583,""reason"":""close 6.36309 <= stop 6.88411"",""rolled"":0,""shares"":100,""trade_date"":""2015-06-29""}]",2015-2021,6.569729047003278,-4.617129780273121,88.7199231687799,2015-05-11,shallow,False,600512.SH
2015-05-12,8.465815781667162,100,2015-06-29,8.192486650845446,close 7.97087 <= stop 8.61762,48,801711.SI,0.4118405146840699,6.971739654405221,"[{""action"":""exit"",""forced"":false,""price"":8.192486650845446,""proceeds"":818.6342285857311,""reason"":""close 7.97087 <= stop 8.61762"",""rolled"":0,""shares"":100,""trade_date"":""2015-06-29""}]",2015-2021,8.20726119845743,-3.3736695732999866,89.19607252956042,2015-05-11,shallow,False,600720.SH
2015-05-08,4.193513513513514,6400,2015-06-29,4.942702702702703,close 4.71892 <= stop 4.968,52,801055.SI,0.2405675675675676,3.634783783783784,"[{""action"":""trim_third"",""forced"":false,""price"":5.691891891891892,""proceeds"":12131.69980135135,""reason"":""gain reached 2.5R"",""rolled"":0,""shares"":2133,""trade_date"":""2015-05-22""},{""action"":""exit"",""forced"":false,""price"":4.942702702702703,""proceeds"":21074.694548108106,""reason"":""close 4.71892 <= stop 4.968"",""rolled"":0,""shares"":4267,""trade_date"":""2015-06-29""}]",2015-2021,4.356486486486487,23.634051551316194,88.71147317166735,2015-05-07,shallow,False,601388.SH
2015-03-12,19.25846827651515,800,2015-06-30,24.796969223484844,close 24.4001 <= stop 25.183,110,801181.SI,0.8912115530303021,16.449528219696965,"[{""action"":""trim_third"",""forced"":false,""price"":27.683484374999995,""proceeds"":7358.283988617186,""reason"":""gain reached 2.5R"",""rolled"":0,""shares"":266,""trade_date"":""2015-05-20""},{""action"":""exit"",""forced"":false,""price"":24.796969223484844,""proceeds"":13231.6503791669,""reason"":""close 24.4001 <= stop 25.183"",""rolled"":0,""shares"":534,""trade_date"":""2015-06-30""}]",2015-2021,19.123162878787873,33.5419255230708,87.88657163270166,2015-03-11,shallow,False,600895.SH
2015-01-12,14.672964528579305,100,2015-07-02,19.535011946333395,close 19.4395 <= stop 19.5732,171,801096.SI,0.8608428597684246,12.13384708693255,"[{""action"":""trim_third"",""forced"":false,""price"":20.377188016908654,""proceeds"":671.9428691545671,""reason"":""gain reached 2.5R"",""rolled"":0,""shares"":33,""trade_date"":""2015-05-08""},{""action"":""exit"",""forced"":false,""price"":19.535011946333395,""proceeds"":1307.8641660540343,""reason"":""close 19.4395 <= stop 19.5732"",""rolled"":0,""shares"":67,""trade_date"":""2015-07-02""}]",2015-2021,14.716375666237823,34.8277840436241,81.16520113772881,2015-01-09,shallow,False,000800.SZ
2015-04-13,10.163344744775431,100,2015-07-03,8.783560369935108,close 9.0669 <= stop 9.89626,81,801181.SI,0.7193887256655254,7.3641773414746305,"[{""action"":""exit"",""forced"":false,""price"":8.783560369935108,""proceeds"":877.6972699657656,""reason"":""close 9.0669 <= stop 9.89626"",""rolled"":0,""shares"":100,""trade_date"":""2015-07-03""}]",2015-2021,9.522343518471207,-13.705624243548808,94.82882820058687,2015-04-10,shallow,False,000402.SZ
2015-06-15,41.703743699404306,200,2015-07-03,28.702020772873073,close 30.9039 <= stop 33.175,18,801072.SI,2.4566292194898423,33.174958836108146,"[{""action"":""exit"",""forced"":false,""price"":28.702020772873073,""proceeds"":5736.098851458683,""reason"":""close 30.9039 <= stop 33.175"",""rolled"":0,""shares"":200,""trade_date"":""2015-07-03""}]",2015-2021,40.54484649457767,-31.27955079079071,91.99688456734637,2015-06-12,shallow,False,000901.SZ
2015-06-04,5.918993732869577,100,2015-07-03,4.92650146660469,close 5.20699 <= stop 5.51768,29,801161.SI,0.30098406770424274,4.929737854429466,"[{""action"":""exit"",""forced"":false,""price"":4.92650146660469,""proceeds"":492.2806590504736,""reason"":""close 5.20699 <= stop 5.51768"",""rolled"":0,""shares"":100,""trade_date"":""2015-07-03""}]",2015-2021,5.8326900575421945,-16.89267678645634,91.23402301278215,2015-06-03,shallow,False,600578.SH
2015-06-16,5.315353030397035,100,2015-07-03,4.005022269421722,close 4.26413 <= stop 4.67981,17,801161.SI,0.3886574291028474,4.178992737686805,"[{""action"":""exit"",""forced"":false,""price"":4.005022269421722,""proceeds"":400.20185027196555,""reason"":""close 4.26413 <= stop 4.67981"",""rolled"":0,""shares"":100,""trade_date"":""2015-07-03""}]",2015-2021,5.344965024995347,-24.764748165895078,82.03359715605464,2015-06-15,shallow,False,600795.SH
2015-06-16,7.6977146607792815,2100,2015-07-20,6.451825287905005,close 5.86452 <= stop 6.18216,34,801738.SI,0.5145881019153887,6.182160868786919,"[{""action"":""exit"",""forced"":false,""price"":6.451825287905005,""proceeds"":13538.671479772062,""reason"":""close 5.86452 <= stop 6.18216"",""rolled"":0,""shares"":2100,""trade_date"":""2015-07-20""}]",2015-2021,7.725925174533086,-16.31081318640649,91.19476613543596,2015-06-15,shallow,False,002498.SZ
2015-02-09,10.532971996386632,2600,2015-07-23,11.051436314363144,close 13.262 <= stop 13.5952,164,801181.SI,0.7023577235772358,8.75625112917796,"[{""action"":""trim_third"",""forced"":false,""price"":16.17289972899729,""proceeds"":13995.22686693767,""reason"":""gain reached 2.5R"",""rolled"":0,""shares"":866,""trade_date"":""2015-04-13""},{""action"":""exit"",""forced"":false,""price"":11.051436314363144,""proceeds"":19148.818176178862,""reason"":""close 13.262 <= stop 13.5952"",""rolled"":3,""shares"":1734,""trade_date"":""2015-07-23""}]",2015-2021,10.863324299909667,20.936009507350285,87.82556653087646,2015-02-06,shallow,False,000732.SZ
2015-04-20,10.77289925208975,800,2015-08-12,10.45204575450946,close 10.7632 <= stop 11.1477,114,801738.SI,0.6514298284205895,8.755411350637926,"[{""action"":""exit"",""forced"":false,""price"":10.45204575450946,""proceeds"":8355.365376154861,""reason"":""close 10.7632 <= stop 11.1477"",""rolled"":0,""shares"":800,""trade_date"":""2015-08-12""}]",2015-2021,10.709700835899694,-3.1237627735877016,91.15611859693432,2015-04-17,shallow,False,600869.SH
2015-05-08,9.823718985692977,4000,2015-09-10,10.110451900250004,close 12.9466 <= stop 13.6435,125,801074.SI,0.40294223618143243,8.43969111746045,"[{""action"":""trim_third"",""forced"":false,""price"":13.439047038803336,""proceeds"":17900.814015447802,""reason"":""gain reached 2.5R"",""rolled"":0,""shares"":1333,""trade_date"":""2015-05-21""},{""action"":""exit"",""forced"":false,""price"":10.110451900250004,""proceeds"":26944.351786553285,""reason"":""close 12.9466 <= stop 13.6435"",""rolled"":2,""shares"":2667,""trade_date"":""2015-09-10""}]",2015-2021,9.648517826004747,14.039187194312364,90.19041735716628,2015-05-07,shallow,False,002367.SZ
2022-01-05,13.998170570252508,1600,2022-01-07,10.87461184796476,close 10.7705 <= stop 10.9981,2,801074.SI,0.9807395951183111,10.998108104855211,"[{""action"":""exit"",""forced"":false,""price"":10.87461184796476,""proceeds"":17386.329422526054,""reason"":""close 10.7705 <= stop 10.9981"",""rolled"":0,""shares"":1600,""trade_date"":""2022-01-07""}]",2022-2025,13.940326890210144,-22.430491181200875,87.6292704965638,2022-01-04,shallow,False,300412.SZ
2022-01-05,15.739228723404254,1600,2022-01-21,14.759898936170211,close 14.8199 <= stop 14.8928,16,801193.SI,0.8574132218844988,12.716024772036473,"[{""action"":""exit"",""forced"":false,""price"":14.759898936170211,""proceeds"":23598.12641914893,""reason"":""close 14.8199 <= stop 14.8928"",""rolled"":0,""shares"":1600,""trade_date"":""2022-01-21""}]",2022-2025,15.28826443768997,-6.362783467954614,86.62182114826955,2022-01-04,shallow,False,000712.SZ
2022-01-05,8.621058840878927,100,2022-01-21,7.556953251732783,close 7.56597 <= stop 7.7452,16,801012.SI,0.43974253692038695,6.981530389533782,"[{""action"":""exit"",""forced"":false,""price"":7.556953251732783,""proceeds"":755.1285536793984,""reason"":""close 7.56597 <= stop 7.7452"",""rolled"":0,""shares"":100,""trade_date"":""2022-01-21""}]",2022-2025,8.300758000294943,-12.474483049846508,85.41025445879036,2022-01-04,shallow,False,600251.SH
2022-01-06,11.203670441233895,400,2022-01-24,10.366614603670442,close 10.4034 <= stop 10.5469,18,801074.SI,0.5029690782990276,8.60096056228036,"[{""action"":""exit"",""forced"":false,""price"":10.366614603670442,""proceeds"":4143.535857087075,""reason"":""close 10.4034 <= stop 10.5469"",""rolled"":0,""shares"":400,""trade_date"":""2022-01-24""}]",2022-2025,10.109867797177444,-7.609953454449414,86.68800369588158,2022-01-05,shallow,False,002111.SZ
2022-01-07,2.9353896280206353,100,2022-01-24,2.5963182188433347,close 2.60601 <= stop 2.66583,17,801143.SI,0.13756611458050505,2.493628020635352,"[{""action"":""exit"",""forced"":false,""price"":2.5963182188433347,""proceeds"":259.4370980179202,""reason"":""close 2.60601 <= stop 2.66583"",""rolled"":0,""shares"":100,""trade_date"":""2022-01-24""}]",2022-2025,2.906326364376867,-11.683728952460548,82.16196916841236,2022-01-06,deep,False,600103.SH
2022-01-21,19.57,900,2022-01-26,13.62,close 13.53 <= stop 14.8835,5,801151.SI,1.8055000000000003,14.8835,"[{""action"":""exit"",""forced"":false,""price"":13.62,""proceeds"":12248.806499999999,""reason"":""close 13.53 <= stop 14.8835"",""rolled"":0,""shares"":900,""trade_date"":""2022-01-26""}]",2022-2025,20.3,-30.507995344830174,89.07584217533937,2022-01-20,shallow,False,300199.SZ
2022-01-05,11.76267529665588,2700,2022-01-27,10.772233511452296,close 10.8005 <= stop 10.8498,22,801055.SI,0.5136614736208324,9.95881739043175,"[{""action"":""exit"",""forced"":false,""price"":10.772233511452296,""proceeds"":29063.216708060507,""reason"":""close 10.8005 <= stop 10.8498"",""rolled"":0,""shares"":2700,""trade_date"":""2022-01-27""}]",2022-2025,11.499801811294247,-8.557475237597478,89.4916952244428,2022-01-04,shallow,False,002203.SZ
2022-01-07,10.841167840375588,1600,2022-01-27,13.409066901408451,close 14.0752 <= stop 14.9208,20,801155.SI,0.4908934859154931,10.507630575117371,"[{""action"":""trim_third"",""forced"":false,""price"":13.515258215962442,""proceeds"":7198.22990463615,""reason"":""gain reached 2.5R"",""rolled"":0,""shares"":533,""trade_date"":""2022-01-14""},{""action"":""exit"",""forced"":false,""price"":13.409066901408451,""proceeds"":14296.743778014965,""reason"":""close 14.0752 <= stop 14.9208"",""rolled"":0,""shares"":1067,""trade_date"":""2022-01-27""}]",2022-2025,11.98031103286385,23.82697631440267,99.08229148382118,2022-01-06,shallow,False,002349.SZ
2022-01-21,12.09683176983236,100,2022-01-27,10.18680570091146,close 10.1769 <= stop 10.3942,6,801104.SI,0.5476402869484142,10.394222594333339,"[{""action"":""exit"",""forced"":false,""price"":10.18680570091146,""proceeds"":1017.9165596635777,""reason"":""close 10.1769 <= stop 10.3942"",""rolled"":0,""shares"":100,""trade_date"":""2022-01-27""}]",2022-2025,12.037143455178581,-15.915694807841474,85.80540952792468,2022-01-20,shallow,False,300047.SZ
2022-01-05,12.851734383868061,1200,2022-01-27,12.350015023536876,close 12.3307 <= stop 12.4284,22,801085.SI,0.8753556571962744,8.859619604046339,"[{""action"":""exit"",""forced"":false,""price"":12.350015023536876,""proceeds"":14808.90301472307,""reason"":""close 12.3307 <= stop 12.4284"",""rolled"":0,""shares"":1200,""trade_date"":""2022-01-27""}]",2022-2025,11.485686575635162,-4.0479400209602385,87.75635814263758,2022-01-04,shallow,False,603890.SH
2022-01-10,7.756456026058632,100,2022-01-28,6.104078175895766,close 6.03604 <= stop 6.12692,18,801155.SI,0.5204990228013028,6.126919869706841,"[{""action"":""exit"",""forced"":false,""price"":6.104078175895766,""proceeds"":609.9500117263843,""reason"":""close 6.03604 <= stop 6.12692"",""rolled"":0,""shares"":100,""trade_date"":""2022-01-28""}]",2022-2025,7.688416938110749,-21.42121479066139,88.03483718136553,2022-01-07,shallow,False,300026.SZ
2022-01-05,15.828946302745608,1800,2022-02-09,15.856159390945171,close 16.0285 <= stop 16.1074,35,801093.SI,0.7687697416376447,13.068048918765694,"[{""action"":""exit"",""forced"":false,""price"":15.856159390945171,""proceeds"":28519.68108852353,""reason"":""close 16.0285 <= stop 16.1074"",""rolled"":0,""shares"":1800,""trade_date"":""2022-02-09""}]",2022-2025,15.374358143678629,0.021774500070503855,89.29392553200188,2022-01-04,shallow,False,603035.SH
2022-01-25,6.46146013428229,400,2022-02-11,5.48769079010172,close 5.49679 <= stop 5.58074,17,801131.SI,0.37531772717148054,5.203515735211447,"[{""action"":""exit"",""forced"":false,""price"":5.48769079010172,""proceeds"":2193.430008803657,""reason"":""close 5.49679 <= stop 5.58074"",""rolled"":0,""shares"":400,""trade_date"":""2022-02-11""}]",2022-2025,6.329468916725888,-15.197721427239442,90.18541948573937,2022-01-24,shallow,False,002516.SZ
2022-01-24,6.1,100,2022-02-14,4.9,close 4.89 <= stop 4.949,21,801155.SI,0.387,4.539,"[{""action"":""exit"",""forced"":false,""price"":4.9,""proceeds"":489.63250000000005,""reason"":""close 4.89 <= stop 4.949"",""rolled"":0,""shares"":100,""trade_date"":""2022-02-14""}]",2022-2025,5.7,-19.79253264969305,74.55972567551599,2022-01-21,shallow,False,002433.SZ
2022-01-24,10.366614603670442,500,2022-02-23,9.400780944943383,close 9.41918 <= stop 9.44263,30,801074.SI,0.5029690782990276,8.60096056228036,"[{""action"":""exit"",""forced"":false,""price"":9.400780944943383,""proceeds"":4696.865179617337,""reason"":""close 9.41918 <= stop 9.44263"",""rolled"":0,""shares"":500,""trade_date"":""2022-02-23""}]",2022-2025,10.109867797177444,-9.452693088878995,92.90600298461091,2022-01-21,shallow,False,002111.SZ
2022-01-27,22.677471607344028,1400,2022-03-02,21.21499862984502,close 21.3612 <= stop 21.3724,34,801193.SI,0.9236902840787987,19.219989647717934,"[{""action"":""exit"",""forced"":false,""price"":21.21499862984502,""proceeds"":29678.722333221693,""reason"":""close 21.3612 <= stop 21.3724"",""rolled"":0,""shares"":1400,""trade_date"":""2022-03-02""}]",2022-2025,21.99106049995433,-6.589233810232786,81.36767838123762,2022-01-18,shallow,False,600030.SH
2022-01-14,23.950538960264108,100,2022-03-04,22.686010898532277,close 22.6388 <= stop 22.9139,49,801072.SI,1.0292430690903305,20.40567797621415,"[{""action"":""exit"",""forced"":false,""price"":22.686010898532277,""proceeds"":2266.8996390358375,""reason"":""close 22.6388 <= stop 22.9139"",""rolled"":0,""shares"":100,""trade_date"":""2022-03-04""}]",2022-2025,23.493407183485143,-5.421721730766549,90.72460769443717,2022-01-13,shallow,False,002595.SZ
2022-01-05,17.127632056964323,1500,2022-03-09,15.822393373537745,close 15.7354 <= stop 16.2061,63,801745.SI,0.9871471820581753,13.953484947564728,"[{""action"":""exit"",""forced"":false,""price"":15.822393373537745,""proceeds"":23715.78986776139,""reason"":""close 15.7354 <= stop 16.2061"",""rolled"":0,""shares"":1500,""trade_date"":""2022-03-09""}]",2022-2025,16.914926493739255,-7.759125617683438,91.42756032699532,2022-01-04,shallow,False,002935.SZ
2022-02-23,14.915320088300222,100,2022-03-09,13.171970987070326,close 13.2072 <= stop 13.7052,14,801038.SI,0.8277589614212133,12.224245453589823,"[{""action"":""exit"",""forced"":false,""price"":13.171970987070326,""proceeds"":1316.2092008830023,""reason"":""close 13.2072 <= stop 13.7052"",""rolled"":0,""shares"":100,""trade_date"":""2022-03-09""}]",2022-2025,14.707522337853463,-11.82067994458702,88.42992724934362,2022-02-22,shallow,False,603599.SH
2022-03-03,6.133262392692317,100,2022-03-10,5.676001339104236,close 5.5766 <= stop 5.6678,7,801733.SI,0.43391141586360266,4.772031504818385,"[{""action"":""exit"",""forced"":false,""price"":5.676001339104236,""proceeds"":567.1744338099908,""reason"":""close 5.5766 <= stop 5.6678"",""rolled"":0,""shares"":100,""trade_date"":""2022-03-10""}]",2022-2025,6.073765752409193,-7.594142318706664,84.88103081165544,2022-03-02,shallow,False,002255.SZ
2022-02-14,7.437127845884414,2000,2022-03-10,7.131587579573569,close 7.04826 <= stop 7.16405,24,801153.SI,0.5120259083201291,5.012033358352097,"[{""action"":""exit"",""forced"":false,""price"":7.131587579573569,""proceeds"":14252.477777777778,""reason"":""close 7.04826 <= stop 7.16405"",""rolled"":0,""shares"":2000,""trade_date"":""2022-03-10""}]",2022-2025,6.5481110833124845,-4.252039728373669,90.92649273830132,2022-02-11,shallow,False,300453.SZ
2022-03-04,7.418395303326808,600,2022-03-11,5.9988258317025425,close 6.32853 <= stop 6.42103,7,801721.SI,0.4057221135029355,6.421033268101759,"[{""action"":""exit"",""forced"":false,""price"":5.9988258317025425,""proceeds"":3596.596027397259,""reason"":""close 6.32853 <= stop 6.42103"",""rolled"":0,""shares"":600,""trade_date"":""2022-03-11""}]",2022-2025,7.638199608610566,-19.25700786138791,95.90493463396731,2022-03-03,shallow,False,601789.SH
2022-02-15,4.792539884944468,100,2022-03-15,4.64582948030331,close 4.67517 <= stop 4.80892,28,801723.SI,0.3110563402217399,3.5939420342051718,"[{""action"":""exit"",""forced"":false,""price"":4.64582948030331,""proceeds"":464.23451081930824,""reason"":""close 4.67517 <= stop 4.80892"",""rolled"":0,""shares"":100,""trade_date"":""2022-03-15""}]",2022-2025,4.5271110548703914,-3.2065236786695706,76.1885955374149,2022-02-14,shallow,False,300355.SZ
2022-03-02,34.71073589606692,600,2022-03-16,27.905454707243287,close 27.761 <= stop 28.1626,14,801085.SI,2.1986852642819,26.676621729845177,"[{""action"":""exit"",""forced"":false,""price"":27.905454707243287,""proceeds"":16730.71536972771,""reason"":""close 27.761 <= stop 28.1626"",""rolled"":0,""shares"":600,""trade_date"":""2022-03-16""}]",2022-2025,33.27267752269088,-19.726196590235322,86.30123748777261,2022-03-01,shallow,False,002881.SZ
2022-02-14,29.620908058242396,400,2022-03-16,30.08209700182437,close 29.7048 <= stop 30.8494,30,801093.SI,3.433586623524146,19.114010705311347,"[{""action"":""exit"",""forced"":false,""price"":30.08209700182437,""proceeds"":12023.8141716292,""reason"":""close 29.7048 <= stop 30.8494"",""rolled"":0,""shares"":400,""trade_date"":""2022-03-16""}]",2022-2025,29.414770575883786,1.4047496932148684,87.94702513023252,2022-02-11,shallow,False,300681.SZ
2022-02-14,11.533458981563978,2400,2022-03-16,11.63710934822836,close 11.4581 <= stop 11.5508,30,801103.SI,0.7302639469536019,9.568813395243643,"[{""action"":""exit"",""forced"":false,""price"":11.63710934822836,""proceeds"":27908.115638921256,""reason"":""close 11.4581 <= stop 11.5508"",""rolled"":0,""shares"":2400,""trade_date"":""2022-03-16""}]",2022-2025,11.759605236104449,0.7474581972017891,88.65723636467122,2022-02-11,shallow,False,600571.SH
2022-02-14,9.184452489924176,500,2022-03-16,7.641751485757224,close 7.50721 <= stop 8.11353,30,801723.SI,0.467294897192431,7.970920827925405,"[{""action"":""exit"",""forced"":false,""price"":7.641751485757224,""proceeds"":3818.010086071453,""reason"":""close 7.50721 <= stop 8.11353"",""rolled"":0,""shares"":500,""trade_date"":""2022-03-16""}]",2022-2025,9.372805519502698,-16.921586154134406,86.68233958456051,2022-02-11,shallow,False,601800.SH
2022-02-14,4.943118621155796,3600,2022-03-28,4.249695167286245,close 4.2596 <= stop 4.28684,42,801179.SI,0.3378055018587359,3.602928475836431,"[{""action"":""exit"",""forced"":false,""price"":4.249695167286245,""proceeds"":15287.42842527881,""reason"":""close 4.2596 <= stop 4.28684"",""rolled"":0,""shares"":3600,""trade_date"":""2022-03-28""}]",2022-2025,4.616344981412639,-14.156917382103728,88.11757112120097,2022-02-11,shallow,False,000557.SZ
2022-03-02,5.85092343553882,100,2022-03-28,5.840989779451318,close 5.97013 <= stop 6.23958,26,801033.SI,0.28708266092881474,4.830736955352341,"[{""action"":""exit"",""forced"":false,""price"":5.840989779451318,""proceeds"":583.6609037116729,""reason"":""close 5.97013 <= stop 6.23958"",""rolled"":0,""shares"":100,""trade_date"":""2022-03-28""}]",2022-2025,5.691984938138785,-0.31941239316692904,79.92407084813667,2022-03-01,shallow,False,600277.SH
2022-03-07,24.34679967436318,100,2022-03-30,20.274524818009134,close 20.4482 <= stop 20.8077,23,801074.SI,1.539214637139115,18.734304010288234,"[{""action"":""exit"",""forced"":false,""price"":20.274524818009134,""proceeds"":2025.9318924395627,""reason"":""close 20.4482 <= stop 20.8077"",""rolled"":0,""shares"":100,""trade_date"":""2022-03-30""}]",2022-2025,23.35194792170558,-16.85093690631747,86.73330290459614,2022-03-04,shallow,False,300151.SZ
2022-02-14,47.37362219688332,100,2022-04-01,52.318244013683014,close 54.2921 <= stop 56.2241,46,801151.SI,5.60637210186241,25.580275560623342,"[{""action"":""exit"",""forced"":false,""price"":52.318244013683014,""proceeds"":5227.900533067275,""reason"":""close 54.2921 <= stop 56.2241"",""rolled"":0,""shares"":100,""trade_date"":""2022-04-01""}]",2022-2025,42.39939186621057,10.271967899075696,87.24586696796472,2022-02-11,shallow,False,300584.SZ
2022-03-28,5.66,100,2022-04-08,6.15,close 6.17 <= stop 6.2785,11,801155.SI,0.387,4.539,"[{""action"":""exit"",""forced"":false,""price"":6.15,""proceeds"":614.5387499999999,""reason"":""close 6.17 <= stop 6.2785"",""rolled"":0,""shares"":100,""trade_date"":""2022-04-08""}]",2022-2025,5.7,8.494380098318487,79.62432515872013,2022-03-25,shallow,False,002433.SZ
2022-03-28,23.85443075117371,200,2022-04-11,16.91338028169014,close 17.5409 <= stop 18.0323,14,801155.SI,1.647896126760563,18.032250586854463,"[{""action"":""exit"",""forced"":false,""price"":16.91338028169014,""proceeds"":3380.139049295775,""reason"":""close 17.5409 <= stop 18.0323"",""rolled"":0,""shares"":200,""trade_date"":""2022-04-11""}]",2022-2025,22.975938967136152,-29.20380536127649,88.0915088294044,2022-03-25,shallow,False,002349.SZ
2022-03-02,9.75,100,2022-04-14,7.87,close 7.85 <= stop 8.31175,43,801151.SI,0.686,7.542,"[{""action"":""exit"",""forced"":false,""price"":7.87,""proceeds"":786.40975,""reason"":""close 7.85 <= stop 8.31175"",""rolled"":0,""shares"":100,""trade_date"":""2022-04-14""}]",2022-2025,9.6,-19.403037465490623,84.61866465337884,2022-03-01,shallow,False,300086.SZ
2022-03-24,5.95,4500,2022-04-14,4.95,close 4.86 <= stop 4.9105,21,801223.SI,0.30650000000000005,4.9105,"[{""action"":""exit"",""forced"":false,""price"":4.95,""proceeds"":22258.29375,""reason"":""close 4.86 <= stop 4.9105"",""rolled"":0,""shares"":4500,""trade_date"":""2022-04-14""}]",2022-2025,5.83,-16.931419082746757,89.86517106096126,2022-03-23,shallow,False,300310.SZ
2022-03-24,13.974387379668364,1600,2022-04-14,11.095438737966836,close 10.9488 <= stop 11.3518,21,801102.SI,1.0128870923844566,11.009046802076508,"[{""action"":""exit"",""forced"":false,""price"":11.095438737966836,""proceeds"":17739.387454261378,""reason"":""close 10.9488 <= stop 11.3518"",""rolled"":0,""shares"":1600,""trade_date"":""2022-04-14""}]",2022-2025,14.047708079229878,-20.720617284500776,91.79436658745838,2022-03-23,shallow,False,300394.SZ
2022-03-24,53.0,300,2022-04-14,39.04,close 38.07 <= stop 38.506,21,801151.SI,5.447999999999999,38.50600000000001,"[{""action"":""exit"",""forced"":false,""price"":39.04,""proceeds"":11703.216,""reason"":""close 38.07 <= stop 38.506"",""rolled"":0,""shares"":300,""trade_date"":""2022-04-14""}]",2022-2025,54.85,-26.450030401727,88.92618310415686,2022-03-23,shallow,False,300436.SZ
2022-03-28,29.348387318853046,400,2022-04-14,24.72601631613369,close 24.6701 <= stop 25.0313,17,801093.SI,3.433586623524146,19.114010705311347,"[{""action"":""exit"",""forced"":false,""price"":24.72601631613369,""proceeds"":9882.988721558637,""reason"":""close 24.6701 <= stop 25.0313"",""rolled"":0,""shares"":400,""trade_date"":""2022-04-14""}]",2022-2025,29.414770575883786,-15.876280289782663,88.53313553470974,2022-03-25,shallow,False,300681.SZ
2022-03-24,10.01,2100,2022-04-18,7.71,close 7.78 <= stop 7.953,25,801181.SI,0.6689999999999998,7.953000000000001,"[{""action"":""exit"",""forced"":false,""price"":7.71,""proceeds"":16178.856749999999,""reason"":""close 7.78 <= stop 7.953"",""rolled"":0,""shares"":2100,""trade_date"":""2022-04-18""}]",2022-2025,9.96,-23.09247085664773,88.72157775578746,2022-03-23,shallow,False,000838.SZ
2022-02-23,4.222769990651566,100,2022-04-19,3.6646946614905658,close 3.66469 <= stop 3.70353,55,801724.SI,0.27194304735666475,3.342780445754325,"[{""action"":""exit"",""forced"":false,""price"":3.6646946614905658,""proceeds"":366.1946140494448,""reason"":""close 3.66469 <= stop 3.70353"",""rolled"":0,""shares"":100,""trade_date"":""2022-04-19""}]",2022-2025,4.158609587824319,-13.3459376833014,79.83441486071546,2022-02-22,shallow,False,600477.SH
2022-03-25,3.14,600,2022-04-22,2.58,close 2.59 <= stop 2.66925,28,801151.SI,0.22199999999999998,2.5140000000000002,"[{""action"":""exit"",""forced"":false,""price"":2.58,""proceeds"":1546.839,""reason"":""close 2.59 <= stop 2.66925"",""rolled"":0,""shares"":600,""trade_date"":""2022-04-22""}]",2022-2025,3.18,-17.957550945071453,83.78537222464084,2022-03-24,shallow,False,002437.SZ
2022-03-24,7.659338948655936,1700,2022-04-25,6.826047313262725,close 6.88854 <= stop 6.9717,32,801153.SI,0.5120259083201291,5.012033358352097,"[{""action"":""exit"",""forced"":false,""price"":6.826047313262725,""proceeds"":11595.577222222222,""reason"":""close 6.88854 <= stop 6.9717"",""rolled"":0,""shares"":1700,""trade_date"":""2022-04-25""}]",2022-2025,6.5481110833124845,-11.01300044911918,88.86506826541154,2022-03-23,shallow,False,300453.SZ
2022-02-25,8.747308656540334,100,2022-04-25,8.1160595782333,close 8.12508 <= stop 8.54779,59,801012.SI,0.43974253692038695,6.981530389533782,"[{""action"":""exit"",""forced"":false,""price"":8.1160595782333,""proceeds"":810.9972533549625,""reason"":""close 8.12508 <= stop 8.54779"",""rolled"":0,""shares"":100,""trade_date"":""2022-04-25""}]",2022-2025,8.300758000294943,-7.355565799876884,88.60936198675233,2022-02-24,shallow,False,600251.SH
2022-03-24,14.6,1100,2022-04-27,12.11,close 12.13 <= stop 12.4865,34,801723.SI,0.9510917030567683,10.416718652526514,"[{""action"":""exit"",""forced"":false,""price"":12.11,""proceeds"":13311.00925,""reason"":""close 12.13 <= stop 12.4865"",""rolled"":0,""shares"":1100,""trade_date"":""2022-04-27""}]",2022-2025,13.269993761696819,-17.17911908534353,88.96019299173666,2022-03-23,shallow,False,300536.SZ
2022-03-28,9.15,100,2022-05-09,8.5,close 8.7 <= stop 9.16373,42,801179.SI,0.4349999999999996,8.025000000000002,"[{""action"":""exit"",""forced"":false,""price"":8.5,""proceeds"":849.3625,""reason"":""close 8.7 <= stop 9.16373"",""rolled"":0,""shares"":100,""trade_date"":""2022-05-09""}]",2022-2025,9.33,-7.243064969032787,83.11384867514721,2022-03-25,shallow,False,601111.SH
